,Unnamed: 0,Name,URL,logo_wiki_page,logo_src,svg_file_path
0,1,Walmart,www.walmart.com,https://commons.wikimedia.org/wiki/File:Walmart_logo.svg,https://upload.wikimedia.org/wikipedia/commons/c/ca/Walmart_logo.svg,logos/Walmart/Walmart.svg
1,2,Exxon Mobil,www.exxonmobil.com,https://commons.wikimedia.org/wiki/File:Exxon_Mobil_Logo.svg,https://upload.wikimedia.org/wikipedia/commons/1/18/Exxon_Mobil_Logo.svg,logos/Exxon_Mobil/Exxon_Mobil.svg
2,3,Apple,www.apple.com,https://commons.wikimedia.org/wiki/File:Apple_Store_logo.svg,https://upload.wikimedia.org/wikipedia/commons/4/46/Apple_Store_logo.svg,logos/Apple/Apple.svg
3,4,Berkshire Hathaway,www.berkshirehathaway.com,https://en.wikipedia.org/wiki/File:Fein_(company)_logo.svg,//upload.wikimedia.org/wikipedia/en/5/59/Fein_%28company%29_logo.svg,logos/Berkshire_Hathaway/Berkshire_Hathaway.svg
4,5,McKesson,www.mckesson.com,https://commons.wikimedia.org/wiki/File:McKesson_Logo.svg,https://upload.wikimedia.org/wikipedia/commons/4/4e/McKesson_Logo.svg,logos/McKesson/McKesson.svg
5,6,UnitedHealth Group,www.unitedhealthgroup.com,https://en.wikipedia.org/wiki/File:UnitedHealth_Group_logo.svg,//upload.wikimedia.org/wikipedia/en/f/f3/UnitedHealth_Group_logo.svg,logos/UnitedHealth_Group/UnitedHealth_Group.svg
6,7,CVS Health,www.cvshealth.com,https://commons.wikimedia.org/wiki/File:CVS_Health_logo.svg,https://upload.wikimedia.org/wikipedia/commons/8/8e/CVS_Health_logo.svg,logos/CVS_Health/CVS_Health.svg
7,8,General Motors,www.gm.com,https://commons.wikimedia.org/wiki/File:General_Motors_logo.svg,https://upload.wikimedia.org/wikipedia/commons/d/d6/General_Motors_logo.svg,logos/General_Motors/General_Motors.svg
8,9,Ford Motor,www.ford.com,https://commons.wikimedia.org/wiki/File:Ford_Motor_Company_Logo.svg,https://upload.wikimedia.org/wikipedia/commons/a/a0/Ford_Motor_Company_Logo.svg,logos/Ford_Motor/Ford_Motor.svg
9,10,AT&T,www.att.com,http://logos.wikia.com/wiki/File:AT%26T_logo.svg,Missing,Fail
10,11,General Electric,www.ge.com,https://commons.wikimedia.org/wiki/File:General_Electric_logo.svg,https://upload.wikimedia.org/wikipedia/commons/f/ff/General_Electric_logo.svg,logos/General_Electric/General_Electric.svg
11,12,AmerisourceBergen,www.amerisourcebergen.com,https://commons.wikimedia.org/wiki/File:AmerisourceBergen_logo.svg,https://upload.wikimedia.org/wikipedia/commons/d/d8/AmerisourceBergen_logo.svg,logos/AmerisourceBergen/AmerisourceBergen.svg
12,13,Verizon,www.verizon.com,https://en.wikipedia.org/wiki/File:Verizon_Fios_logo.svg,//upload.wikimedia.org/wikipedia/en/b/b9/Verizon_Fios_logo.svg,logos/Verizon/Verizon.svg
13,14,Chevron,www.chevron.com,https://commons.wikimedia.org/wiki/File:Chevron_Logo.svg,https://upload.wikimedia.org/wikipedia/commons/8/86/Chevron_Logo.svg,logos/Chevron/Chevron.svg
14,15,Costco,www.costco.com,https://en.m.wikipedia.org/wiki/File:Depop_logo.svg,//upload.wikimedia.org/wikipedia/commons/f/fb/Depop_logo.svg,logos/Costco/Costco.svg
15,16,Fannie Mae,www.fanniemae.com,https://en.wikipedia.org/wiki/File:Zcash_logo.svg,//upload.wikimedia.org/wikipedia/en/8/85/Zcash_logo.svg,logos/Fannie_Mae/Fannie_Mae.svg
16,17,Kroger,www.thekrogerco.com,https://commons.wikimedia.org/wiki/File:Current_Kroger_logo.svg,https://upload.wikimedia.org/wikipedia/commons/5/5c/Current_Kroger_logo.svg,logos/Kroger/Kroger.svg
17,18,Amazon.com,www.amazon.com,http://memory-alpha.wikia.com/wiki/File:Amazon.com_logo.svg,Missing,Fail
18,19,Walgreens Boots Alliance,www.walgreensbootsalliance.com,https://commons.wikimedia.org/wiki/File:Walgreens_logo.svg,https://upload.wikimedia.org/wikipedia/commons/9/94/Walgreens_logo.svg,logos/Walgreens_Boots_Alliance/Walgreens_Boots_Alliance.svg
19,20,HP,www.hp.com,https://commons.wikimedia.org/wiki/File:HP_Palm_Logo.svg,https://upload.wikimedia.org/wikipedia/commons/f/f8/HP_Palm_Logo.svg,logos/HP/HP.svg
20,21,Cardinal Health,www.cardinal.com,https://en.wikipedia.org/wiki/File:NIH_logo.svg,//upload.wikimedia.org/wikipedia/commons/4/43/NIH_logo.svg,logos/Cardinal_Health/Cardinal_Health.svg
21,22,Express Scripts Holding,www.express-scripts.com,https://en.wikipedia.org/wiki/File:Fein_(company)_logo.svg,//upload.wikimedia.org/wikipedia/en/5/59/Fein_%28company%29_logo.svg,logos/Express_Scripts_Holding/Express_Scripts_Holding.svg
22,23,J.P. Morgan Chase,www.jpmorganchase.com,Missing,Missing,Fail
23,24,Boeing,www.boeing.com,https://commons.wikimedia.org/wiki/File:Boeing_full_logo.svg,https://upload.wikimedia.org/wikipedia/commons/4/4f/Boeing_full_logo.svg,logos/Boeing/Boeing.svg
24,25,Microsoft,www.microsoft.com,https://commons.wikimedia.org/wiki/File:Microsoft_logo.svg,https://upload.wikimedia.org/wikipedia/commons/4/44/Microsoft_logo.svg,logos/Microsoft/Microsoft.svg
25,26,Bank of America Corp.,www.bankofamerica.com,https://commons.wikimedia.org/wiki/File:Bank_of_America_logo.svg,https://upload.wikimedia.org/wikipedia/commons/2/20/Bank_of_America_logo.svg,logos/Bank_of_America_Corp/Bank_of_America_Corp.svg
26,27,Wells Fargo,www.wellsfargo.com,https://en.wikipedia.org/wiki/File:Wells_Fargo_Center_Logo.svg,//upload.wikimedia.org/wikipedia/en/1/13/Wells_Fargo_Center_Logo.svg,logos/Wells_Fargo/Wells_Fargo.svg
27,28,Home Depot,www.homedepot.com,https://commons.wikimedia.org/wiki/File:TheHomeDepot_logo.svg,https://upload.wikimedia.org/wikipedia/commons/7/75/TheHomeDepot_logo.svg,logos/Home_Depot/Home_Depot.svg
28,29,Citigroup,www.citigroup.com,https://en.wikipedia.org/wiki/File:Dell_Logo.svg,//upload.wikimedia.org/wikipedia/commons/4/48/Dell_Logo.svg,logos/Citigroup/Citigroup.svg
29,30,Phillips 66,www.phillips66.com,https://commons.wikimedia.org/wiki/File:76_Orange_Logo.svg,https://upload.wikimedia.org/wikipedia/commons/5/5a/76_Orange_Logo.svg,logos/Phillips/Phillips.svg
30,31,IBM,www.ibm.com,https://commons.wikimedia.org/wiki/File:IBM_logo.svg,https://upload.wikimedia.org/wikipedia/commons/5/51/IBM_logo.svg,logos/IBM/IBM.svg
31,32,Valero Energy,www.valero.com,https://en.wikipedia.org/wiki/File:Duke_Energy_logo.svg,//upload.wikimedia.org/wikipedia/en/2/2e/Duke_Energy_logo.svg,logos/Valero_Energy/Valero_Energy.svg
32,33,Anthem,www.antheminc.com,Missing,Missing,Fail
33,34,Procter & Gamble,www.pg.com,https://commons.wikimedia.org/wiki/File:Procter_and_Gamble_Logo.svg,https://upload.wikimedia.org/wikipedia/commons/f/ff/Procter_and_Gamble_Logo.svg,logos/Procter_Gamble/Procter_Gamble.svg
34,35,State Farm Insurance Cos.,www.statefarm.com,https://commons.wikimedia.org/wiki/File:State_Farm_logo.svg,https://upload.wikimedia.org/wikipedia/commons/9/9a/State_Farm_logo.svg,logos/State_Farm_Insurance_Cos/State_Farm_Insurance_Cos.svg
35,36,Alphabet,www.google.com,https://en.wikipedia.org/wiki/File:Fein_(company)_logo.svg,//upload.wikimedia.org/wikipedia/en/5/59/Fein_%28company%29_logo.svg,logos/Alphabet/Alphabet.svg
36,37,Comcast,www.comcastcorporation.com,https://commons.wikimedia.org/wiki/File:Comcast_Logo.svg,https://upload.wikimedia.org/wikipedia/commons/a/a3/Comcast_Logo.svg,logos/Comcast/Comcast.svg
37,38,Target,www.target.com,https://commons.wikimedia.org/wiki/File:Target_logo.svg,https://upload.wikimedia.org/wikipedia/commons/9/9a/Target_logo.svg,logos/Target/Target.svg
38,39,Johnson & Johnson,www.jnj.com,https://commons.wikimedia.org/wiki/File:Johnson%26Johnson_Logo.svg,https://upload.wikimedia.org/wikipedia/commons/e/e9/Johnson%26Johnson_Logo.svg,logos/Johnson_Johnson/Johnson_Johnson.svg
39,40,MetLife,www.metlife.com,https://en.wikipedia.org/wiki/File:MetLife_logo.svg,//upload.wikimedia.org/wikipedia/en/c/c6/MetLife_logo.svg,logos/MetLife/MetLife.svg
40,41,Archer Daniels Midland,www.adm.com,https://en.m.wikipedia.org/wiki/File:Wikimedia_Cloud_Services_logo.svg,//upload.wikimedia.org/wikipedia/commons/3/3d/Wikimedia_Cloud_Services_logo.svg,logos/Archer_Daniels_Midland/Archer_Daniels_Midland.svg
41,42,Marathon Petroleum,www.marathonpetroleum.com,https://commons.wikimedia.org/wiki/File:Marathon_Oil_Logo.svg,https://upload.wikimedia.org/wikipedia/commons/b/bb/Marathon_Oil_Logo.svg,logos/Marathon_Petroleum/Marathon_Petroleum.svg
42,43,Freddie Mac,www.freddiemac.com,https://en.wikipedia.org/wiki/File:Fein_(company)_logo.svg,//upload.wikimedia.org/wikipedia/en/5/59/Fein_%28company%29_logo.svg,logos/Freddie_Mac/Freddie_Mac.svg
43,44,PepsiCo,www.pepsico.com,http://logos.wikia.com/wiki/File:PepsiCo_logo.svg,Missing,Fail
44,45,United Technologies,www.utc.com,https://commons.wikimedia.org/wiki/File:United_technologies_logo.svg,https://upload.wikimedia.org/wikipedia/commons/3/36/United_technologies_logo.svg,logos/United_Technologies/United_Technologies.svg
45,46,Aetna,www.aetna.com,https://en.wikipedia.org/wiki/File:Dell_Logo.svg,//upload.wikimedia.org/wikipedia/commons/4/48/Dell_Logo.svg,logos/Aetna/Aetna.svg
46,47,Lowe’s,www.lowes.com,https://commons.wikimedia.org/wiki/File:Lowes_Companies_Logo.svg,https://upload.wikimedia.org/wikipedia/commons/2/2c/Lowes_Companies_Logo.svg,logos/Lowe_s/Lowe_s.svg
47,48,UPS,www.ups.com,https://en.wikipedia.org/wiki/File:Fein_(company)_logo.svg,//upload.wikimedia.org/wikipedia/en/5/59/Fein_%28company%29_logo.svg,logos/UPS/UPS.svg
48,49,AIG,www.aig.com,https://commons.wikimedia.org/wiki/File:AIG_logo.svg,https://upload.wikimedia.org/wikipedia/commons/b/b3/AIG_logo.svg,logos/AIG/AIG.svg
49,50,Prudential Financial,www.prudential.com,https://en.wikipedia.org/wiki/File:Fein_(company)_logo.svg,//upload.wikimedia.org/wikipedia/en/5/59/Fein_%28company%29_logo.svg,logos/Prudential_Financial/Prudential_Financial.svg
50,51,Intel,www.intel.com,https://en.wikipedia.org/wiki/File:Intel_Pentium_III_Processor_Logo.svg,//upload.wikimedia.org/wikipedia/en/2/2c/Intel_Pentium_III_Processor_Logo.svg,logos/Intel/Intel.svg
51,52,Humana,www.humana.com,https://en.wikipedia.org/wiki/File:Dell_Logo.svg,//upload.wikimedia.org/wikipedia/commons/4/48/Dell_Logo.svg,logos/Humana/Humana.svg
52,53,Disney,www.disney.com,https://en.wikipedia.org/wiki/File:Walt_Disney_Pictures_text_logo.svg,//upload.wikimedia.org/wikipedia/commons/2/2d/Walt_Disney_Pictures_text_logo.svg,logos/Disney/Disney.svg
53,54,Cisco Systems,www.cisco.com,https://en.wikipedia.org/wiki/File:Cisco_logo.svg,//upload.wikimedia.org/wikipedia/commons/6/64/Cisco_logo.svg,logos/Cisco_Systems/Cisco_Systems.svg
54,55,Pfizer,www.pfizer.com,https://commons.wikimedia.org/wiki/File:Pfizer_Logo.svg,https://upload.wikimedia.org/wikipedia/commons/a/ad/Pfizer_Logo.svg,logos/Pfizer/Pfizer.svg
55,56,Dow Chemical,www.dow.com,https://commons.wikimedia.org/wiki/File:Dow_Chemical_logo.svg,https://upload.wikimedia.org/wikipedia/commons/9/98/Dow_Chemical_logo.svg,logos/Dow_Chemical/Dow_Chemical.svg
56,57,Sysco,www.sysco.com,https://en.wikipedia.org/wiki/File:Dell_Logo.svg,//upload.wikimedia.org/wikipedia/commons/4/48/Dell_Logo.svg,logos/Sysco/Sysco.svg
57,58,FedEx,www.fedex.com,https://commons.wikimedia.org/wiki/File:FedEx_Corporation_logo.svg,https://upload.wikimedia.org/wikipedia/commons/9/93/FedEx_Corporation_logo.svg,logos/FedEx/FedEx.svg
58,59,Caterpillar,www.caterpillar.com,https://commons.wikimedia.org/wiki/File:Caterpillar_logo.svg,https://upload.wikimedia.org/wikipedia/commons/d/d0/Caterpillar_logo.svg,logos/Caterpillar/Caterpillar.svg
59,60,Lockheed Martin,www.lockheedmartin.com,https://en.wikipedia.org/wiki/File:Dell_Logo.svg,//upload.wikimedia.org/wikipedia/commons/4/48/Dell_Logo.svg,logos/Lockheed_Martin/Lockheed_Martin.svg
60,61,New York Life Insurance,www.newyorklife.com,https://en.wikipedia.org/wiki/File:NYC_Media_logo.svg,//upload.wikimedia.org/wikipedia/en/3/3c/NYC_Media_logo.svg,logos/New_York_Life_Insurance/New_York_Life_Insurance.svg
61,62,Coca-Cola,www.coca-colacompany.com,https://commons.wikimedia.org/wiki/File:Coca-Cola_logo.svg,https://upload.wikimedia.org/wikipedia/commons/c/ce/Coca-Cola_logo.svg,logos/Coca_Cola/Coca_Cola.svg
62,63,HCA Holdings,www.hcahealthcare.com,https://en.wikipedia.org/wiki/File:Sears_Holdings_logo.svg,//upload.wikimedia.org/wikipedia/en/0/03/Sears_Holdings_logo.svg,logos/HCA_Holdings/HCA_Holdings.svg
63,64,Ingram Micro,www.ingrammicro.com,https://commons.wikimedia.org/wiki/File:Ingram_Micro_logo.svg,https://upload.wikimedia.org/wikipedia/commons/0/0f/Ingram_Micro_logo.svg,logos/Ingram_Micro/Ingram_Micro.svg
64,65,Energy Transfer Equity,www.energytransfer.com,https://en.wikipedia.org/wiki/File:Fein_(company)_logo.svg,//upload.wikimedia.org/wikipedia/en/5/59/Fein_%28company%29_logo.svg,logos/Energy_Transfer_Equity/Energy_Transfer_Equity.svg
65,66,Tyson Foods,www.tysonfoods.com,http://looneytunes.wikia.com/wiki/File:500px-Tyson_Foods_logo.svg.png,Missing,Fail
66,67,American Airlines Group,www.aa.com,https://commons.wikimedia.org/wiki/File:American_Airlines_American_Eagle_Logo.svg,https://upload.wikimedia.org/wikipedia/commons/1/1a/American_Airlines_American_Eagle_Logo.svg,logos/American_Airlines_Group/American_Airlines_Group.svg
67,68,Delta Air Lines,www.delta.com,https://commons.wikimedia.org/wiki/File:Delta_logo.svg,https://upload.wikimedia.org/wikipedia/commons/d/d1/Delta_logo.svg,logos/Delta_Air_Lines/Delta_Air_Lines.svg
68,69,Nationwide,www.nationwide.com,https://en.wikipedia.org/wiki/File:Harleysville_Logo.svg,//upload.wikimedia.org/wikipedia/en/0/06/Harleysville_Logo.svg,logos/Nationwide/Nationwide.svg
69,70,Johnson Controls,www.johnsoncontrols.com,https://commons.wikimedia.org/wiki/File:Johnson_Controls_old_logo.svg,https://upload.wikimedia.org/wikipedia/commons/4/46/Johnson_Controls_old_logo.svg,logos/Johnson_Controls/Johnson_Controls.svg
70,71,Best Buy,www.bestbuy.com,https://commons.wikimedia.org/wiki/File:Best_Buy_Logo.svg,https://upload.wikimedia.org/wikipedia/commons/f/f5/Best_Buy_Logo.svg,logos/Best_Buy/Best_Buy.svg
71,72,Merck,www.merck.com,https://en.wikipedia.org/wiki/File:Merck_Logo.svg,//upload.wikimedia.org/wikipedia/en/9/94/Merck_Logo.svg,logos/Merck/Merck.svg
72,73,Liberty Mutual Insurance Group,www.libertymutual.com,https://en.wikipedia.org/wiki/File:Safeco_logo.svg,//upload.wikimedia.org/wikipedia/en/8/80/Safeco_logo.svg,logos/Liberty_Mutual_Insurance_Group/Liberty_Mutual_Insurance_Group.svg
73,74,Goldman Sachs Group,www.gs.com,https://en.wikipedia.org/wiki/File:Fein_(company)_logo.svg,//upload.wikimedia.org/wikipedia/en/5/59/Fein_%28company%29_logo.svg,logos/Goldman_Sachs_Group/Goldman_Sachs_Group.svg
74,75,Honeywell International,www.honeywell.com,https://commons.wikimedia.org/wiki/File:Honeywell_logo.svg,https://upload.wikimedia.org/wikipedia/commons/2/2a/Honeywell_logo.svg,logos/Honeywell_International/Honeywell_International.svg
75,76,Massachusetts Mutual Life Insurance,www.massmutual.com,https://en.wikipedia.org/wiki/File:Kotak_Mutual_Fund_logo.svg,//upload.wikimedia.org/wikipedia/en/a/a7/Kotak_Mutual_Fund_logo.svg,logos/Massachusetts_Mutual_Life_Insurance/Massachusetts_Mutual_Life_Insurance.svg
76,77,Oracle,www.oracle.com,https://commons.wikimedia.org/wiki/File:Oracle_logo.svg,https://upload.wikimedia.org/wikipedia/commons/5/50/Oracle_logo.svg,logos/Oracle/Oracle.svg
77,78,Morgan Stanley,www.morganstanley.com,https://commons.wikimedia.org/wiki/File:Morgan_Stanley_Logo.svg,https://upload.wikimedia.org/wikipedia/commons/7/7e/Morgan_Stanley_Logo.svg,logos/Morgan_Stanley/Morgan_Stanley.svg
78,79,Cigna,www.cigna.com,https://en.wikipedia.org/wiki/File:Dell_Logo.svg,//upload.wikimedia.org/wikipedia/commons/4/48/Dell_Logo.svg,logos/Cigna/Cigna.svg
79,80,United Continental Holdings,www.unitedcontinentalholdings.com,https://sco.wikipedia.org/wiki/File:United_Airlines_Logo.svg,//upload.wikimedia.org/wikipedia/sco/e/e0/United_Airlines_Logo.svg,logos/United_Continental_Holdings/United_Continental_Holdings.svg
80,81,Allstate,www.allstate.com,https://en.wikipedia.org/wiki/File:Dell_Logo.svg,//upload.wikimedia.org/wikipedia/commons/4/48/Dell_Logo.svg,logos/Allstate/Allstate.svg
81,82	TIAA,www.tiaa.org,,Missing,Missing,Fail
82,83,INTL FCStone,www.intlfcstone.com,https://en.wikipedia.org/wiki/File:International_Finance_Corporation_logo.svg,//upload.wikimedia.org/wikipedia/en/c/c5/International_Finance_Corporation_logo.svg,logos/INTL_FCStone/INTL_FCStone.svg
83,84,CHS,www.chsinc.com,https://en.wikipedia.org/wiki/File:CHS_Inc._logo.svg,//upload.wikimedia.org/wikipedia/en/6/6e/CHS_Inc._logo.svg,logos/CHS/CHS.svg
84,85,American Express,www.americanexpress.com,https://commons.wikimedia.org/wiki/File:American_Express_logo.svg,https://upload.wikimedia.org/wikipedia/commons/3/30/American_Express_logo.svg,logos/American_Express/American_Express.svg
85,86,Gilead Sciences,www.gilead.com,https://en.wikipedia.org/wiki/File:NIH_logo.svg,//upload.wikimedia.org/wikipedia/commons/4/43/NIH_logo.svg,logos/Gilead_Sciences/Gilead_Sciences.svg
86,87,Publix Super Markets,www.publix.com,https://commons.wikimedia.org/wiki/File:Publix_Logo.svg,https://upload.wikimedia.org/wikipedia/commons/9/95/Publix_Logo.svg,logos/Publix_Super_Markets/Publix_Super_Markets.svg
87,88,General Dynamics,www.generaldynamics.com,https://sco.wikipedia.org/wiki/File:General_Electric_logo.svg,//upload.wikimedia.org/wikipedia/commons/f/ff/General_Electric_logo.svg,logos/General_Dynamics/General_Dynamics.svg
88,89,TJX,www.tjx.com,https://en.wikipedia.org/wiki/File:Fein_(company)_logo.svg,//upload.wikimedia.org/wikipedia/en/5/59/Fein_%28company%29_logo.svg,logos/TJX/TJX.svg
89,90,ConocoPhillips,www.conocophillips.com,https://en.wikipedia.org/wiki/File:Conoco_logo.svg,//upload.wikimedia.org/wikipedia/en/1/11/Conoco_logo.svg,logos/ConocoPhillips/ConocoPhillips.svg
90,91,Nike,www.nike.com,https://en.m.wikipedia.org/wiki/File:Honda_Logo.svg,//upload.wikimedia.org/wikipedia/commons/7/7b/Honda_Logo.svg,logos/Nike/Nike.svg
91,92,World Fuel Services,www.wfscorp.com,https://commons.wikimedia.org/wiki/File:Nuclear_Fuel_Services_logo.svg,https://upload.wikimedia.org/wikipedia/commons/e/eb/Nuclear_Fuel_Services_logo.svg,logos/World_Fuel_Services/World_Fuel_Services.svg
92,93,3M,www.3m.com,https://en.wikipedia.org/wiki/File:3M_Scott_Fire_%26_Safety_logo.svg,//upload.wikimedia.org/wikipedia/en/b/b8/3M_Scott_Fire_%26_Safety_logo.svg,logos/M/M.svg
93,94,Mondelez International,www.mondelezinternational.com,https://commons.wikimedia.org/wiki/File:Mondelez_international_2012_logo.svg,https://upload.wikimedia.org/wikipedia/commons/c/c7/Mondelez_international_2012_logo.svg,logos/Mondelez_International/Mondelez_International.svg
94,95,Exelon,www.exeloncorp.com,https://en.wikipedia.org/wiki/File:Exelon_logo.svg,//upload.wikimedia.org/wikipedia/en/5/50/Exelon_logo.svg,logos/Exelon/Exelon.svg
95,96,Twenty-First Century Fox,www.21cf.com,https://commons.wikimedia.org/wiki/File:21st_Century_Fox_logo.svg,https://upload.wikimedia.org/wikipedia/commons/5/5f/21st_Century_Fox_logo.svg,logos/Twenty_First_Century_Fox/Twenty_First_Century_Fox.svg
96,97,Deere,www.johndeere.com,https://en.wikipedia.org/wiki/File:Zcash_logo.svg,//upload.wikimedia.org/wikipedia/en/8/85/Zcash_logo.svg,logos/Deere/Deere.svg
97,98,Tesoro,www.tsocorp.com,https://commons.wikimedia.org/wiki/File:Tesoro_logo.svg,https://upload.wikimedia.org/wikipedia/commons/4/4c/Tesoro_logo.svg,logos/Tesoro/Tesoro.svg
98,99,Time Warner,www.timewarner.com,https://commons.wikimedia.org/wiki/File:AOL_Time_Warner_Logo.svg,https://upload.wikimedia.org/wikipedia/commons/0/08/AOL_Time_Warner_Logo.svg,logos/Time_Warner/Time_Warner.svg
99,100,Northwestern Mutual,www.northwesternmutual.com,http://logos.wikia.com/wiki/File:Rose_Bowl_Game_presented_by_Northwestern_Mutual_logo.svg,Missing,Fail
100,101,DuPont,www.dupont.com,https://en.wikipedia.org/wiki/File:Nexity_logo.svg,//upload.wikimedia.org/wikipedia/en/0/02/Nexity_logo.svg,logos/DuPont/DuPont.svg
101,102,Avnet,www.avnet.com,https://en.wikipedia.org/wiki/File:Dell_Logo.svg,//upload.wikimedia.org/wikipedia/commons/4/48/Dell_Logo.svg,logos/Avnet/Avnet.svg
102,103,Macy’s,www.macysinc.com,https://commons.wikimedia.org/wiki/File:Macys_logo.svg,https://upload.wikimedia.org/wikipedia/commons/a/a2/Macys_logo.svg,logos/Macy_s/Macy_s.svg
103,104,Enterprise Products Partners,www.enterpriseproducts.com,https://commons.wikimedia.org/wiki/File:Hewlett_Packard_Enterprise_logo.svg,https://upload.wikimedia.org/wikipedia/commons/4/46/Hewlett_Packard_Enterprise_logo.svg,logos/Enterprise_Products_Partners/Enterprise_Products_Partners.svg
104,105,Travelers Cos.,www.travelers.com,https://commons.wikimedia.org/wiki/File:Travel_Channel_-_Logo.svg,https://upload.wikimedia.org/wikipedia/commons/2/2f/Travel_Channel_-_Logo.svg,logos/Travelers_Cos/Travelers_Cos.svg
105,106,Philip Morris International,www.pmi.com,https://commons.wikimedia.org/wiki/File:Philip_Morris_USA_Logo.svg,https://upload.wikimedia.org/wikipedia/commons/4/47/Philip_Morris_USA_Logo.svg,logos/Philip_Morris_International/Philip_Morris_International.svg
106,107,Rite Aid,www.riteaid.com,https://commons.wikimedia.org/wiki/File:Eckerd_logo.svg,https://upload.wikimedia.org/wikipedia/commons/1/11/Eckerd_logo.svg,logos/Rite_Aid/Rite_Aid.svg
107,108,Tech Data,www.techdata.com,https://en.wikipedia.org/wiki/File:Tech-X_Logo.svg,//upload.wikimedia.org/wikipedia/en/9/9f/Tech-X_Logo.svg,logos/Tech_Data/Tech_Data.svg
108,109,McDonald’s,www.aboutmcdonalds.com,https://commons.wikimedia.org/wiki/File:Mcdonald%27s_logo.svg,https://upload.wikimedia.org/wikipedia/commons/e/eb/Mcdonald%27s_logo.svg,logos/McDonald_s/McDonald_s.svg
109,110,Qualcomm,www.qualcomm.com,https://en.wikipedia.org/wiki/File:Zcash_logo.svg,//upload.wikimedia.org/wikipedia/en/8/85/Zcash_logo.svg,logos/Qualcomm/Qualcomm.svg
110,111,Sears Holdings,www.searsholdings.com,https://en.wikipedia.org/wiki/File:Sears_Holdings_logo.svg,//upload.wikimedia.org/wikipedia/en/0/03/Sears_Holdings_logo.svg,logos/Sears_Holdings/Sears_Holdings.svg
111,112,Capital One Financial,www.capitalone.com,https://en.wikipedia.org/wiki/File:Capital_One_logo.svg,//upload.wikimedia.org/wikipedia/commons/9/98/Capital_One_logo.svg,logos/Capital_One_Financial/Capital_One_Financial.svg
112,113,EMC,www.emc.com,https://en.wikipedia.org/wiki/File:EMC_Corporation_logo.svg,//upload.wikimedia.org/wikipedia/commons/3/3e/EMC_Corporation_logo.svg,logos/EMC/EMC.svg
113,114,USAA,www.usaa.com,https://en.m.wikipedia.org/wiki/File:Wikimedia_Cloud_Services_logo.svg,//upload.wikimedia.org/wikipedia/commons/3/3d/Wikimedia_Cloud_Services_logo.svg,logos/USAA/USAA.svg
114,115,Duke Energy,www.duke-energy.com,https://en.wikipedia.org/wiki/File:Duke_Energy_logo.svg,//upload.wikimedia.org/wikipedia/en/2/2e/Duke_Energy_logo.svg,logos/Duke_Energy/Duke_Energy.svg
115,116,Time Warner Cable,www.twc.com,http://logos.wikia.com/wiki/File:Time_Warner_Cable_logo.svg,Missing,Fail
116,117,Halliburton,www.halliburton.com,https://commons.wikimedia.org/wiki/File:Halliburton_logo.svg,https://upload.wikimedia.org/wikipedia/commons/8/8b/Halliburton_logo.svg,logos/Halliburton/Halliburton.svg
117,118,Northrop Grumman,www.northropgrumman.com,https://en.wikipedia.org/wiki/File:Dell_Logo.svg,//upload.wikimedia.org/wikipedia/commons/4/48/Dell_Logo.svg,logos/Northrop_Grumman/Northrop_Grumman.svg
118,119,Arrow Electronics,www.arrow.com,https://commons.wikimedia.org/wiki/File:Electronic_Arts_logo.svg,https://upload.wikimedia.org/wikipedia/commons/d/d9/Electronic_Arts_logo.svg,logos/Arrow_Electronics/Arrow_Electronics.svg
119,120,Raytheon,www.raytheon.com,https://commons.wikimedia.org/wiki/File:YouTube_Logo.svg,https://upload.wikimedia.org/wikipedia/commons/9/98/YouTube_Logo.svg,logos/Raytheon/Raytheon.svg
120,121,Plains GP Holdings,www.plainsallamerican.com,https://en.wikipedia.org/wiki/File:Tata_logo.svg,//upload.wikimedia.org/wikipedia/en/8/8e/Tata_logo.svg,logos/Plains_GP_Holdings/Plains_GP_Holdings.svg
121,122,US Foods Holding,www.usfoods.com,https://en.wikipedia.org/wiki/File:US_Foods_logo.svg,//upload.wikimedia.org/wikipedia/en/d/d1/US_Foods_logo.svg,logos/US_Foods_Holding/US_Foods_Holding.svg
122,123,AbbVie,www.abbvie.com,https://en.wikipedia.org/wiki/File:Fein_(company)_logo.svg,//upload.wikimedia.org/wikipedia/en/5/59/Fein_%28company%29_logo.svg,logos/AbbVie/AbbVie.svg
123,124,Centene,www.centene.com,https://commons.wikimedia.org/wiki/File:Centene_Corporation_Logo.svg,https://upload.wikimedia.org/wikipedia/commons/b/bb/Centene_Corporation_Logo.svg,logos/Centene/Centene.svg
124,125	Community Health Systems,www.chs.net,,Missing,Missing,Fail
125,126,Alcoa,www.alcoa.com,https://commons.wikimedia.org/wiki/File:SEGA_logo.svg,https://upload.wikimedia.org/wikipedia/commons/1/13/SEGA_logo.svg,logos/Alcoa/Alcoa.svg
126,127,International Paper,www.internationalpaper.com,https://en.wikipedia.org/wiki/File:Edison_International_Logo.svg,//upload.wikimedia.org/wikipedia/en/6/6b/Edison_International_Logo.svg,logos/International_Paper/International_Paper.svg
127,128,Emerson Electric,www.emerson.com,https://commons.wikimedia.org/wiki/File:General_Electric_logo.svg,https://upload.wikimedia.org/wikipedia/commons/f/ff/General_Electric_logo.svg,logos/Emerson_Electric/Emerson_Electric.svg
128,129,Union Pacific,www.up.com,https://commons.wikimedia.org/wiki/File:Union_pacific_railroad_logo.svg,https://upload.wikimedia.org/wikipedia/commons/d/de/Union_pacific_railroad_logo.svg,logos/Union_Pacific/Union_Pacific.svg
129,130,Amgen,www.amgen.com,https://en.wikipedia.org/wiki/File:ARDOR_logo.svg,//upload.wikimedia.org/wikipedia/en/0/05/ARDOR_logo.svg,logos/Amgen/Amgen.svg
130,131,U.S. Bancorp,www.usbank.com,https://commons.wikimedia.org/wiki/File:U.S._Bancorp_logo.svg,https://upload.wikimedia.org/wikipedia/commons/c/c5/U.S._Bancorp_logo.svg,logos/U_S_Bancorp/U_S_Bancorp.svg
131,132,Staples,www.staples.com,"https://commons.wikimedia.org/wiki/File:Staples,_Inc._logo.svg",https://upload.wikimedia.org/wikipedia/commons/f/fe/Staples%2C_Inc._logo.svg,logos/Staples/Staples.svg
132,133,Danaher,www.danaher.com,https://en.wikipedia.org/wiki/File:Dell_Logo.svg,//upload.wikimedia.org/wikipedia/commons/4/48/Dell_Logo.svg,logos/Danaher/Danaher.svg
133,134,Whirlpool,www.whirlpoolcorp.com,https://commons.wikimedia.org/wiki/File:YouTube_Logo.svg,https://upload.wikimedia.org/wikipedia/commons/9/98/YouTube_Logo.svg,logos/Whirlpool/Whirlpool.svg
134,135,Aflac,www.aflac.com,http://logos.wikia.com/wiki/File:Aflac_2005_Logo.svg,Missing,Fail
135,136,AutoNation,www.autonation.com,https://en.wikipedia.org/wiki/File:Fein_(company)_logo.svg,//upload.wikimedia.org/wikipedia/en/5/59/Fein_%28company%29_logo.svg,logos/AutoNation/AutoNation.svg
136,137,Progressive,www.progressive.com,https://commons.wikimedia.org/wiki/File:Progressive_Conservative_Party_of_Ontario_logo.svg,https://upload.wikimedia.org/wikipedia/commons/9/95/Progressive_Conservative_Party_of_Ontario_logo.svg,logos/Progressive/Progressive.svg
137,138,Abbott Laboratories,www.abbott.com,https://commons.wikimedia.org/wiki/File:Abbott_A_Promise_For_Life_Logo.svg,https://upload.wikimedia.org/wikipedia/commons/9/92/Abbott_A_Promise_For_Life_Logo.svg,logos/Abbott_Laboratories/Abbott_Laboratories.svg
138,139,Dollar General,www.dollargeneral.com,https://commons.wikimedia.org/wiki/File:Dollar_General_logo.svg,https://upload.wikimedia.org/wikipedia/commons/0/05/Dollar_General_logo.svg,logos/Dollar_General/Dollar_General.svg
139,140,Tenet Healthcare,www.tenethealth.com,https://en.wikipedia.org/wiki/File:Fein_(company)_logo.svg,//upload.wikimedia.org/wikipedia/en/5/59/Fein_%28company%29_logo.svg,logos/Tenet_Healthcare/Tenet_Healthcare.svg
140,141,Eli Lilly,www.lilly.com,https://en.wikipedia.org/wiki/File:Fein_(company)_logo.svg,//upload.wikimedia.org/wikipedia/en/5/59/Fein_%28company%29_logo.svg,logos/Eli_Lilly/Eli_Lilly.svg
141,142,Southwest Airlines,www.southwest.com,https://en.wikipedia.org/wiki/File:AB_Airlines_logo.svg,//upload.wikimedia.org/wikipedia/en/6/65/AB_Airlines_logo.svg,logos/Southwest_Airlines/Southwest_Airlines.svg
142,143,Penske Automotive Group,www.penskeautomotive.com,https://en.wikipedia.org/wiki/File:Fein_(company)_logo.svg,//upload.wikimedia.org/wikipedia/en/5/59/Fein_%28company%29_logo.svg,logos/Penske_Automotive_Group/Penske_Automotive_Group.svg
143,144,ManpowerGroup,www.manpowergroup.com,https://commons.wikimedia.org/wiki/File:Manpower_Inc._Logo.svg,https://upload.wikimedia.org/wikipedia/commons/1/1d/Manpower_Inc._Logo.svg,logos/ManpowerGroup/ManpowerGroup.svg
144,145,Kohl’s,www.kohlscorporation.com,https://commons.wikimedia.org/wiki/File:Kohl%27s_logo.svg,https://upload.wikimedia.org/wikipedia/commons/6/60/Kohl%27s_logo.svg,logos/Kohl_s/Kohl_s.svg
145,146,Starbucks,www.starbucks.com,http://logos.wikia.com/wiki/File:Starbucks_Coffee_Logo.svg,Missing,Fail
146,147,Paccar,www.paccar.com,https://commons.wikimedia.org/wiki/File:Paccar_Inc_logo.svg,https://upload.wikimedia.org/wikipedia/commons/7/7c/Paccar_Inc_logo.svg,logos/Paccar/Paccar.svg
147,148,Cummins,www.cummins.com,https://commons.wikimedia.org/wiki/File:KPIT_Cummins_logo.svg,https://upload.wikimedia.org/wikipedia/commons/2/25/KPIT_Cummins_logo.svg,logos/Cummins/Cummins.svg
148,149,Altria Group,www.altria.com,https://en.wikipedia.org/wiki/File:KGK_Group_logo.svg,//upload.wikimedia.org/wikipedia/en/3/38/KGK_Group_logo.svg,logos/Altria_Group/Altria_Group.svg
149,150,Xerox,www.xerox.com,https://commons.wikimedia.org/wiki/File:Xerox_Logo.svg,https://upload.wikimedia.org/wikipedia/commons/6/62/Xerox_Logo.svg,logos/Xerox/Xerox.svg
150,151,Kimberly-Clark,www.kimberly-clark.com,https://en.wikipedia.org/wiki/File:Kimberly-Clark_logo.svg,//upload.wikimedia.org/wikipedia/en/8/88/Kimberly-Clark_logo.svg,logos/Kimberly_Clark/Kimberly_Clark.svg
151,152,Hartford Financial Services Group,www.thehartford.com,https://commons.wikimedia.org/wiki/File:Zurich_Insurance_Group_logo.svg,https://upload.wikimedia.org/wikipedia/commons/e/ec/Zurich_Insurance_Group_logo.svg,logos/Hartford_Financial_Services_Group/Hartford_Financial_Services_Group.svg
152,153,Kraft Heinz,www.kraftheinzcompany.com,https://commons.wikimedia.org/wiki/File:Kraft_logo.svg,https://upload.wikimedia.org/wikipedia/commons/f/fd/Kraft_logo.svg,logos/Kraft_Heinz/Kraft_Heinz.svg
153,154,Lear,www.lear.com,https://commons.wikimedia.org/wiki/File:Lear_Corporation_logo.svg,https://upload.wikimedia.org/wikipedia/commons/0/02/Lear_Corporation_logo.svg,logos/Lear/Lear.svg
154,155,Fluor,www.fluor.com,https://en.wikipedia.org/wiki/File:Dell_Logo.svg,//upload.wikimedia.org/wikipedia/commons/4/48/Dell_Logo.svg,logos/Fluor/Fluor.svg
155,156,AECOM,www.aecom.com,https://en.wikipedia.org/wiki/File:AECOM_logo.svg,//upload.wikimedia.org/wikipedia/en/d/d3/AECOM_logo.svg,logos/AECOM/AECOM.svg
156,157,Facebook,www.facebook.com,Missing,Missing,Fail
157,158,Jabil Circuit,www.jabil.com,https://commons.wikimedia.org/wiki/File:Jabil_Circuit_Logo.svg,https://upload.wikimedia.org/wikipedia/commons/3/38/Jabil_Circuit_Logo.svg,logos/Jabil_Circuit/Jabil_Circuit.svg
158,159,CenturyLink,www.centurylink.com,https://commons.wikimedia.org/wiki/File:CenturyLink_2010_logo.svg,https://upload.wikimedia.org/wikipedia/commons/0/02/CenturyLink_2010_logo.svg,logos/CenturyLink/CenturyLink.svg
159,160,Supervalu,www.supervalu.com,https://en.wikipedia.org/wiki/File:Fein_(company)_logo.svg,//upload.wikimedia.org/wikipedia/en/5/59/Fein_%28company%29_logo.svg,logos/Supervalu/Supervalu.svg
160,161,General Mills,www.generalmills.com,https://en.wikipedia.org/wiki/File:General_Mills_logo.svg,//upload.wikimedia.org/wikipedia/commons/0/00/General_Mills_logo.svg,logos/General_Mills/General_Mills.svg
161,162,Southern,www.southerncompany.com,https://en.wikipedia.org/wiki/File:Southern_Conference_logo.svg,//upload.wikimedia.org/wikipedia/commons/8/88/Southern_Conference_logo.svg,logos/Southern/Southern.svg
162,163,NextEra Energy,www.nexteraenergy.com,https://en.wikipedia.org/wiki/File:NextEra_Energy_logo.svg,//upload.wikimedia.org/wikipedia/en/a/a1/NextEra_Energy_logo.svg,logos/NextEra_Energy/NextEra_Energy.svg
163,164,Thermo Fisher Scientific,www.thermofisher.com,https://commons.wikimedia.org/wiki/File:Thermo_Fisher_Scientific_logo.svg,https://upload.wikimedia.org/wikipedia/commons/5/50/Thermo_Fisher_Scientific_logo.svg,logos/Thermo_Fisher_Scientific/Thermo_Fisher_Scientific.svg
164,165,American Electric Power,www.aep.com,https://commons.wikimedia.org/wiki/File:AEP_logo.svg,https://upload.wikimedia.org/wikipedia/commons/5/5f/AEP_logo.svg,logos/American_Electric_Power/American_Electric_Power.svg
165,166,PG&E Corp.,www.pge.com,https://en.wikipedia.org/wiki/File:Fein_(company)_logo.svg,//upload.wikimedia.org/wikipedia/en/5/59/Fein_%28company%29_logo.svg,logos/PG_E_Corp/PG_E_Corp.svg
166,167,NGL Energy Partners,www.nglenergypartners.com,https://en.wikipedia.org/wiki/File:Fein_(company)_logo.svg,//upload.wikimedia.org/wikipedia/en/5/59/Fein_%28company%29_logo.svg,logos/NGL_Energy_Partners/NGL_Energy_Partners.svg
167,168,Bristol-Myers Squibb,www.bms.com,https://commons.wikimedia.org/wiki/File:Bristol-Myers_Squibb_Logo.svg,https://upload.wikimedia.org/wikipedia/commons/8/89/Bristol-Myers_Squibb_Logo.svg,logos/Bristol_Myers_Squibb/Bristol_Myers_Squibb.svg
168,169,Goodyear Tire & Rubber,www.goodyear.com,https://commons.wikimedia.org/wiki/File:Toyo_Tire_logo.svg,https://upload.wikimedia.org/wikipedia/commons/b/b7/Toyo_Tire_logo.svg,logos/Goodyear_Tire_Rubber/Goodyear_Tire_Rubber.svg
169,170,Nucor,www.nucor.com,https://en.wikipedia.org/wiki/File:Fein_(company)_logo.svg,//upload.wikimedia.org/wikipedia/en/5/59/Fein_%28company%29_logo.svg,logos/Nucor/Nucor.svg
170,171,PNC Financial Services Group,www.pnc.com,Missing,Missing,Fail
171,172,Health Net,www.healthnet.com,https://en.wikipedia.org/wiki/File:CTV_flat_logo.svg,//upload.wikimedia.org/wikipedia/en/5/5e/CTV_flat_logo.svg,logos/Health_Net/Health_Net.svg
172,173,Micron Technology,www.micron.com,https://commons.wikimedia.org/wiki/File:Micron_Technology_logo.svg,https://upload.wikimedia.org/wikipedia/commons/9/9b/Micron_Technology_logo.svg,logos/Micron_Technology/Micron_Technology.svg
173,174,Colgate-Palmolive,www.colgatepalmolive.com,https://commons.wikimedia.org/wiki/File:Colgate_palmolive_logo.svg,https://upload.wikimedia.org/wikipedia/commons/8/83/Colgate_palmolive_logo.svg,logos/Colgate_Palmolive/Colgate_Palmolive.svg
174,175,Freeport-McMoRan,www.fcx.com,https://en.m.wikipedia.org/wiki/File:Wikimedia_Cloud_Services_logo.svg,//upload.wikimedia.org/wikipedia/commons/3/3d/Wikimedia_Cloud_Services_logo.svg,logos/Freeport_McMoRan/Freeport_McMoRan.svg
175,176,ConAgra Foods,www.conagrafoods.com,https://commons.wikimedia.org/wiki/File:ConAgra_Foods_logo.svg,https://upload.wikimedia.org/wikipedia/commons/b/b7/ConAgra_Foods_logo.svg,logos/ConAgra_Foods/ConAgra_Foods.svg
176,177,Gap,www.gapinc.com,https://commons.wikimedia.org/wiki/File:Gap_logo.svg,https://upload.wikimedia.org/wikipedia/commons/6/69/Gap_logo.svg,logos/Gap/Gap.svg
177,178,Baker Hughes,www.bakerhughes.com,https://en.wikipedia.org/wiki/File:Fein_(company)_logo.svg,//upload.wikimedia.org/wikipedia/en/5/59/Fein_%28company%29_logo.svg,logos/Baker_Hughes/Baker_Hughes.svg
178,179,Bank of New York Mellon Corp.,www.bnymellon.com,https://en.wikipedia.org/wiki/File:Fein_(company)_logo.svg,//upload.wikimedia.org/wikipedia/en/5/59/Fein_%28company%29_logo.svg,logos/Bank_of_New_York_Mellon_Corp/Bank_of_New_York_Mellon_Corp.svg
179,180,Dollar Tree,www.dollartree.com,https://en.wikipedia.org/wiki/File:Dollar_Tree_logo.svg,//upload.wikimedia.org/wikipedia/en/c/c2/Dollar_Tree_logo.svg,logos/Dollar_Tree/Dollar_Tree.svg
180,181,Whole Foods Market,www.wholefoodsmarket.com,https://commons.wikimedia.org/wiki/File:Whole_Foods_Market_logo.svg,https://upload.wikimedia.org/wikipedia/commons/f/f3/Whole_Foods_Market_logo.svg,logos/Whole_Foods_Market/Whole_Foods_Market.svg
181,182,PPG Industries,www.ppg.com,https://commons.wikimedia.org/wiki/File:PPG_Logo.svg,https://upload.wikimedia.org/wikipedia/commons/d/db/PPG_Logo.svg,logos/PPG_Industries/PPG_Industries.svg
182,183,Genuine Parts,www.genpt.com,https://en.wikipedia.org/wiki/File:Fein_(company)_logo.svg,//upload.wikimedia.org/wikipedia/en/5/59/Fein_%28company%29_logo.svg,logos/Genuine_Parts/Genuine_Parts.svg
183,184,Icahn Enterprises,www.ielp.com,https://en.wikipedia.org/wiki/File:Fein_(company)_logo.svg,//upload.wikimedia.org/wikipedia/en/5/59/Fein_%28company%29_logo.svg,logos/Icahn_Enterprises/Icahn_Enterprises.svg
184,185,Performance Food Group,www.pfgc.com,https://commons.wikimedia.org/wiki/File:Food_and_Drug_Administration_logo.svg,https://upload.wikimedia.org/wikipedia/commons/7/7d/Food_and_Drug_Administration_logo.svg,logos/Performance_Food_Group/Performance_Food_Group.svg
185,186,Omnicom Group,www.omnicomgroup.com,https://en.wikipedia.org/wiki/File:Fein_(company)_logo.svg,//upload.wikimedia.org/wikipedia/en/5/59/Fein_%28company%29_logo.svg,logos/Omnicom_Group/Omnicom_Group.svg
186,187,DISH Network,www.dish.com,https://en.wikipedia.org/wiki/File:Original_Dish_Network_logo.svg,//upload.wikimedia.org/wikipedia/en/a/a8/Original_Dish_Network_logo.svg,logos/DISH_Network/DISH_Network.svg
187,188,FirstEnergy,www.firstenergycorp.com,https://commons.wikimedia.org/wiki/File:FirstEnergy_Logo.svg,https://upload.wikimedia.org/wikipedia/commons/a/a4/FirstEnergy_Logo.svg,logos/FirstEnergy/FirstEnergy.svg
188,189,Monsanto,www.monsanto.com,https://sco.wikipedia.org/wiki/File:Monsanto_logo.svg,//upload.wikimedia.org/wikipedia/sco/2/2e/Monsanto_logo.svg,logos/Monsanto/Monsanto.svg
189,190,AES,www.aes.com,https://sco.wikipedia.org/wiki/File:Mitsubishi_Motors_SVG_logo.svg,//upload.wikimedia.org/wikipedia/commons/1/1f/Mitsubishi_Motors_SVG_logo.svg,logos/AES/AES.svg
190,191,CarMax,www.carmax.com,https://commons.wikimedia.org/wiki/File:CarMax_Logo.svg,https://upload.wikimedia.org/wikipedia/commons/b/bd/CarMax_Logo.svg,logos/CarMax/CarMax.svg
191,192,National Oilwell Varco,www.nov.com,https://commons.wikimedia.org/wiki/File:Target_logo.svg,https://upload.wikimedia.org/wikipedia/commons/9/9a/Target_logo.svg,logos/National_Oilwell_Varco/National_Oilwell_Varco.svg
192,193,NRG Energy,www.nrgenergy.com,https://en.wikipedia.org/wiki/File:Duke_Energy_logo.svg,//upload.wikimedia.org/wikipedia/en/2/2e/Duke_Energy_logo.svg,logos/NRG_Energy/NRG_Energy.svg
193,194,Western Digital,www.westerndigital.com,https://commons.wikimedia.org/wiki/File:Western_Digital_logo.svg,https://upload.wikimedia.org/wikipedia/commons/2/2b/Western_Digital_logo.svg,logos/Western_Digital/Western_Digital.svg
194,195,Marriott International,www.marriott.com,https://commons.wikimedia.org/wiki/File:Marriott_Logo.svg,https://upload.wikimedia.org/wikipedia/commons/4/44/Marriott_Logo.svg,logos/Marriott_International/Marriott_International.svg
195,196,Office Depot,www.officedepot.com,https://en.wikipedia.org/wiki/File:Office_Depot_Logo.svg,//upload.wikimedia.org/wikipedia/en/4/43/Office_Depot_Logo.svg,logos/Office_Depot/Office_Depot.svg
196,197,Nordstrom,www.nordstrom.com,https://commons.wikimedia.org/wiki/File:Nordstrom_Logo.svg,https://upload.wikimedia.org/wikipedia/commons/1/1f/Nordstrom_Logo.svg,logos/Nordstrom/Nordstrom.svg
197,198,Kinder Morgan,www.kindermorgan.com,https://en.wikipedia.org/wiki/File:Kinder_Morgan_logo.svg,//upload.wikimedia.org/wikipedia/en/2/2f/Kinder_Morgan_logo.svg,logos/Kinder_Morgan/Kinder_Morgan.svg
198,199,Aramark,www.aramark.com,https://en.m.wikipedia.org/wiki/File:Depop_logo.svg,//upload.wikimedia.org/wikipedia/commons/f/fb/Depop_logo.svg,logos/Aramark/Aramark.svg
199,200,DaVita HealthCare Partners,www.davita.com,https://en.wikipedia.org/wiki/File:Fein_(company)_logo.svg,//upload.wikimedia.org/wikipedia/en/5/59/Fein_%28company%29_logo.svg,logos/DaVita_HealthCare_Partners/DaVita_HealthCare_Partners.svg
200,201,Molina Healthcare,www.molinahealthcare.com,https://en.wikipedia.org/wiki/File:Fein_(company)_logo.svg,//upload.wikimedia.org/wikipedia/en/5/59/Fein_%28company%29_logo.svg,logos/Molina_Healthcare/Molina_Healthcare.svg
201,202,WellCare Health Plans,www.wellcare.com,Missing,Missing,Fail
202,203,CBS,www.cbscorporation.com,https://commons.wikimedia.org/wiki/File:CBS_logo.svg,https://upload.wikimedia.org/wikipedia/commons/4/4e/CBS_logo.svg,logos/CBS/CBS.svg
203,204,Visa,www.visa.com,https://commons.wikimedia.org/wiki/File:Visa_Inc._logo.svg,https://upload.wikimedia.org/wikipedia/commons/5/5e/Visa_Inc._logo.svg,logos/Visa/Visa.svg
204,205,Lincoln National,www.lfg.com,https://en.wikipedia.org/wiki/File:Wikiproject_NFL_logo.svg,//upload.wikimedia.org/wikipedia/commons/8/8f/Wikiproject_NFL_logo.svg,logos/Lincoln_National/Lincoln_National.svg
205,206,Ecolab,www.ecolab.com,https://en.wikipedia.org/wiki/File:Dell_Logo.svg,//upload.wikimedia.org/wikipedia/commons/4/48/Dell_Logo.svg,logos/Ecolab/Ecolab.svg
206,207,Kellogg,www.kelloggcompany.com,https://en.wikipedia.org/wiki/File:Fein_(company)_logo.svg,//upload.wikimedia.org/wikipedia/en/5/59/Fein_%28company%29_logo.svg,logos/Kellogg/Kellogg.svg
207,208,C.H. Robinson Worldwide,www.chrobinson.com,https://en.wikipedia.org/wiki/File:C._H._Robinson_logo.svg,//upload.wikimedia.org/wikipedia/en/3/3f/C._H._Robinson_logo.svg,logos/C_H_Robinson_Worldwide/C_H_Robinson_Worldwide.svg
208,209,Textron,www.textron.com,https://en.wikipedia.org/wiki/File:Bell_Textron_logo.svg,//upload.wikimedia.org/wikipedia/en/f/f8/Bell_Textron_logo.svg,logos/Textron/Textron.svg
209,210,Loews,www.loews.com,https://commons.wikimedia.org/wiki/File:Lowes_Companies_Logo.svg,https://upload.wikimedia.org/wikipedia/commons/2/2c/Lowes_Companies_Logo.svg,logos/Loews/Loews.svg
210,211,Illinois Tool Works,www.itw.com,https://en.wikipedia.org/wiki/File:A%26D_Company_logo.svg,//upload.wikimedia.org/wikipedia/en/c/ca/A%26D_Company_logo.svg,logos/Illinois_Tool_Works/Illinois_Tool_Works.svg
211,212,Synnex,www.synnex.com,https://en.wikipedia.org/wiki/File:Dell_Logo.svg,//upload.wikimedia.org/wikipedia/commons/4/48/Dell_Logo.svg,logos/Synnex/Synnex.svg
212,213,Viacom,www.viacom.com,https://commons.wikimedia.org/wiki/File:Viacom_logo.svg,https://upload.wikimedia.org/wikipedia/commons/3/37/Viacom_logo.svg,logos/Viacom/Viacom.svg
213,214,HollyFrontier,www.hollyfrontier.com,https://en.wikipedia.org/wiki/File:Fein_(company)_logo.svg,//upload.wikimedia.org/wikipedia/en/5/59/Fein_%28company%29_logo.svg,logos/HollyFrontier/HollyFrontier.svg
214,215,Land O’Lakes,www.landolakesinc.com,https://commons.wikimedia.org/wiki/File:Land_O%E2%80%99Lakes_Logo.svg,https://upload.wikimedia.org/wikipedia/commons/0/0e/Land_O%E2%80%99Lakes_Logo.svg,logos/Land_O_Lakes/Land_O_Lakes.svg
215,216,Devon Energy,www.devonenergy.com,https://en.wikipedia.org/wiki/File:Dominion_Energy_logo.svg,//upload.wikimedia.org/wikipedia/en/b/b8/Dominion_Energy_logo.svg,logos/Devon_Energy/Devon_Energy.svg
216,217,PBF Energy,www.pbfenergy.com,https://en.wikipedia.org/wiki/File:Duke_Energy_logo.svg,//upload.wikimedia.org/wikipedia/en/2/2e/Duke_Energy_logo.svg,logos/PBF_Energy/PBF_Energy.svg
217,218,Yum Brands,www.yum.com,https://commons.wikimedia.org/wiki/File:Yum!_Brands_logo.svg,https://upload.wikimedia.org/wikipedia/commons/5/59/Yum%21_Brands_logo.svg,logos/Yum_Brands/Yum_Brands.svg
218,219,Texas Instruments,www.ti.com,https://sco.wikipedia.org/wiki/File:Texas_Instruments_Logo.svg,//upload.wikimedia.org/wikipedia/sco/9/95/Texas_Instruments_Logo.svg,logos/Texas_Instruments/Texas_Instruments.svg
219,220,CDW,www.cdw.com,https://commons.wikimedia.org/wiki/File:CDW_Logo.svg,https://upload.wikimedia.org/wikipedia/commons/b/be/CDW_Logo.svg,logos/CDW/CDW.svg
220,221,Waste Management,www.wm.com,https://commons.wikimedia.org/wiki/File:Waste_Management_logo.svg,https://upload.wikimedia.org/wikipedia/commons/8/88/Waste_Management_logo.svg,logos/Waste_Management/Waste_Management.svg
221,222,Marsh & McLennan,www.mmc.com,https://en.wikipedia.org/wiki/File:Marsh_%26_McLennan_Companies_logo.svg,//upload.wikimedia.org/wikipedia/en/3/39/Marsh_%26_McLennan_Companies_logo.svg,logos/Marsh_McLennan/Marsh_McLennan.svg
222,223,Chesapeake Energy,www.chk.com,https://en.wikipedia.org/wiki/File:Duke_Energy_logo.svg,//upload.wikimedia.org/wikipedia/en/2/2e/Duke_Energy_logo.svg,logos/Chesapeake_Energy/Chesapeake_Energy.svg
223,224,Parker-Hannifin,www.parker.com,https://en.wikipedia.org/wiki/File:Diy_logo.svg,//upload.wikimedia.org/wikipedia/en/4/4a/Diy_logo.svg,logos/Parker_Hannifin/Parker_Hannifin.svg
224,225,Occidental Petroleum,www.oxy.com,https://en.wikipedia.org/wiki/File:Occidental_Logo.svg,//upload.wikimedia.org/wikipedia/en/9/9e/Occidental_Logo.svg,logos/Occidental_Petroleum/Occidental_Petroleum.svg
225,226,Guardian Life Ins. Co. of America,www.guardianlife.com,Missing,Missing,Fail
226,227,Farmers Insurance Exchange,www.farmers.com,http://logos.wikia.com/wiki/File:Farmers_Insurance_New_Logo.svg,Missing,Fail
227,228,J.C. Penney,www.jcpenney.com,https://commons.wikimedia.org/wiki/File:JCPenney_logo.svg,https://upload.wikimedia.org/wikipedia/commons/2/23/JCPenney_logo.svg,logos/J_C_Penney/J_C_Penney.svg
228,229,Consolidated Edison,www.conedison.com,https://commons.wikimedia.org/wiki/File:ConEd_logo.svg,https://upload.wikimedia.org/wikipedia/commons/0/0c/ConEd_logo.svg,logos/Consolidated_Edison/Consolidated_Edison.svg
229,230,Cognizant Technology Solutions,www.cognizant.com,https://en.wikipedia.org/wiki/File:Cognizant_logo.svg,//upload.wikimedia.org/wikipedia/en/c/c1/Cognizant_logo.svg,logos/Cognizant_Technology_Solutions/Cognizant_Technology_Solutions.svg
230,231,VF,www.vfc.com,https://commons.wikimedia.org/wiki/File:VF_logo.svg,https://upload.wikimedia.org/wikipedia/commons/3/3a/VF_logo.svg,logos/VF/VF.svg
231,232,Ameriprise Financial,www.ameriprise.com,https://en.wikipedia.org/wiki/File:Ameriprise_Financial_logo.svg,//upload.wikimedia.org/wikipedia/en/0/08/Ameriprise_Financial_logo.svg,logos/Ameriprise_Financial/Ameriprise_Financial.svg
232,233,Computer Sciences,www.csc.com,https://en.wikipedia.org/wiki/File:MIT_logo.svg,//upload.wikimedia.org/wikipedia/commons/0/0c/MIT_logo.svg,logos/Computer_Sciences/Computer_Sciences.svg
233,234,L Brands,www.lb.com,https://en.wikipedia.org/wiki/File:AMD_Athlon_Processor_Logo.svg,//upload.wikimedia.org/wikipedia/en/4/44/AMD_Athlon_Processor_Logo.svg,logos/L_Brands/L_Brands.svg
234,235,Jacobs Engineering Group,www.jacobs.com,https://en.wikipedia.org/wiki/File:Fein_(company)_logo.svg,//upload.wikimedia.org/wikipedia/en/5/59/Fein_%28company%29_logo.svg,logos/Jacobs_Engineering_Group/Jacobs_Engineering_Group.svg
235,236,Principal Financial,www.principal.com,http://logos.wikia.com/wiki/File:Principal_financial_logo.svg,Missing,Fail
236,237,Ross Stores,www.rossstores.com,https://en.wikipedia.org/wiki/File:Ross_Stores_logo.svg,//upload.wikimedia.org/wikipedia/en/f/f7/Ross_Stores_logo.svg,logos/Ross_Stores/Ross_Stores.svg
237,238,Bed Bath & Beyond,www.bedbathandbeyond.com,https://en.m.wikipedia.org/wiki/File:Wikimedia_Cloud_Services_logo.svg,//upload.wikimedia.org/wikipedia/commons/3/3d/Wikimedia_Cloud_Services_logo.svg,logos/Bed_Bath_Beyond/Bed_Bath_Beyond.svg
238,239,CSX,www.csx.com,https://commons.wikimedia.org/wiki/File:CSX_transp_logo.svg,https://upload.wikimedia.org/wikipedia/commons/f/fe/CSX_transp_logo.svg,logos/CSX/CSX.svg
239,240,Toys “R” Us,www.toysrusinc.com,https://commons.wikimedia.org/wiki/File:Toys_%22R%22_Us_logo.svg,https://upload.wikimedia.org/wikipedia/commons/a/a7/Toys_%22R%22_Us_logo.svg,logos/Toys_R_Us/Toys_R_Us.svg
240,241,Las Vegas Sands,www.sands.com,https://en.wikipedia.org/wiki/File:Las_Vegas_Aces_logo.svg,//upload.wikimedia.org/wikipedia/en/f/fb/Las_Vegas_Aces_logo.svg,logos/Las_Vegas_Sands/Las_Vegas_Sands.svg
241,242,Leucadia National,www.leucadia.com,https://en.wikipedia.org/wiki/File:Nextel_Logo.svg,//upload.wikimedia.org/wikipedia/commons/0/05/Nextel_Logo.svg,logos/Leucadia_National/Leucadia_National.svg
242,243,Dominion Resources,www.dom.com,https://en.wikipedia.org/wiki/File:Dominion_Energy_logo.svg,//upload.wikimedia.org/wikipedia/en/b/b8/Dominion_Energy_logo.svg,logos/Dominion_Resources/Dominion_Resources.svg
243,244,United States Steel,www.ussteel.com,https://commons.wikimedia.org/wiki/File:Pittsburgh_Steelers_logo.svg,https://upload.wikimedia.org/wikipedia/commons/d/de/Pittsburgh_Steelers_logo.svg,logos/United_States_Steel/United_States_Steel.svg
244,245,L-3 Communications,www.l-3com.com,https://en.wikipedia.org/wiki/File:Level3_Logo.svg,//upload.wikimedia.org/wikipedia/en/3/34/Level3_Logo.svg,logos/L_Communications/L_Communications.svg
245,246,Edison International,www.edisoninvestor.com,https://en.wikipedia.org/wiki/File:Edison_International_Logo.svg,//upload.wikimedia.org/wikipedia/en/6/6b/Edison_International_Logo.svg,logos/Edison_International/Edison_International.svg
246,247,Entergy,www.entergy.com,https://en.wikipedia.org/wiki/File:Duke_Energy_logo.svg,//upload.wikimedia.org/wikipedia/en/2/2e/Duke_Energy_logo.svg,logos/Entergy/Entergy.svg
247,248,ADP,www.adp.com,https://en.wikipedia.org/wiki/File:Groupe_ADP_logo.svg,//upload.wikimedia.org/wikipedia/en/8/8e/Groupe_ADP_logo.svg,logos/ADP/ADP.svg
248,249,First Data,www.firstdata.com,https://commons.wikimedia.org/wiki/File:First_Data_logo.svg,https://upload.wikimedia.org/wikipedia/commons/3/3a/First_Data_logo.svg,logos/First_Data/First_Data.svg
249,250,BlackRock,www.blackrock.com,https://en.wikipedia.org/wiki/File:Fein_(company)_logo.svg,//upload.wikimedia.org/wikipedia/en/5/59/Fein_%28company%29_logo.svg,logos/BlackRock/BlackRock.svg
250,251,WestRock,www.westrock.com,https://en.m.wikipedia.org/wiki/File:Wikimedia_Cloud_Services_logo.svg,//upload.wikimedia.org/wikipedia/commons/3/3d/Wikimedia_Cloud_Services_logo.svg,logos/WestRock/WestRock.svg
251,252,Voya Financial,www.voya.com,https://commons.wikimedia.org/wiki/File:ING_Group_N.V._Logo.svg,https://upload.wikimedia.org/wikipedia/commons/4/49/ING_Group_N.V._Logo.svg,logos/Voya_Financial/Voya_Financial.svg
252,253,Sherwin-Williams,www.sherwin.com,https://en.m.wikipedia.org/wiki/File:Former_Visa_(company)_logo.svg,//upload.wikimedia.org/wikipedia/commons/1/16/Former_Visa_%28company%29_logo.svg,logos/Sherwin_Williams/Sherwin_Williams.svg
253,254,Hilton Worldwide Holdings,www.hiltonworldwide.com,https://commons.wikimedia.org/wiki/File:Hilton_Worldwide_logo.svg,https://upload.wikimedia.org/wikipedia/commons/8/8a/Hilton_Worldwide_logo.svg,logos/Hilton_Worldwide_Holdings/Hilton_Worldwide_Holdings.svg
254,255,R.R. Donnelley & Sons,www.rrdonnelley.com,https://en.wikipedia.org/wiki/File:Nextel_Logo.svg,//upload.wikimedia.org/wikipedia/commons/0/05/Nextel_Logo.svg,logos/R_R_Donnelley_Sons/R_R_Donnelley_Sons.svg
255,256,Stanley Black & Decker,www.stanleyblackanddecker.com,https://commons.wikimedia.org/wiki/File:Stanley_Black_%26_Decker_Logo.svg,https://upload.wikimedia.org/wikipedia/commons/2/2c/Stanley_Black_%26_Decker_Logo.svg,logos/Stanley_Black_Decker/Stanley_Black_Decker.svg
256,257,Xcel Energy,www.xcelenergy.com,https://en.wikipedia.org/wiki/File:Duke_Energy_logo.svg,//upload.wikimedia.org/wikipedia/en/2/2e/Duke_Energy_logo.svg,logos/Xcel_Energy/Xcel_Energy.svg
257,258,Murphy USA	corporate.murphyusa.com,,Missing,Missing,Fail
258,259,CBRE Group,www.cbre.com,https://en.wikipedia.org/wiki/File:CBRE_Group_logo.svg,//upload.wikimedia.org/wikipedia/en/5/5c/CBRE_Group_logo.svg,logos/CBRE_Group/CBRE_Group.svg
259,260,D.R. Horton,www.drhorton.com,https://commons.wikimedia.org/wiki/File:D._R._Horton_logo.svg,https://upload.wikimedia.org/wikipedia/commons/9/93/D._R._Horton_logo.svg,logos/D_R_Horton/D_R_Horton.svg
260,261,Estee Lauder,www.elcompanies.com,Missing,Missing,Fail
261,262,Praxair,www.praxair.com,https://en.wikipedia.org/wiki/File:Dell_Logo.svg,//upload.wikimedia.org/wikipedia/commons/4/48/Dell_Logo.svg,logos/Praxair/Praxair.svg
262,263,Biogen,www.biogen.com,https://commons.wikimedia.org/wiki/File:Biogen_Idec_logo.svg,https://upload.wikimedia.org/wikipedia/commons/1/1c/Biogen_Idec_logo.svg,logos/Biogen/Biogen.svg
263,264,State Street Corp.,www.statestreet.com,https://commons.wikimedia.org/wiki/File:Target_logo.svg,https://upload.wikimedia.org/wikipedia/commons/9/9a/Target_logo.svg,logos/State_Street_Corp/State_Street_Corp.svg
264,265,Unum Group,www.unum.com,https://commons.wikimedia.org/wiki/File:Unum_Group_logo.svg,https://upload.wikimedia.org/wikipedia/commons/c/c9/Unum_Group_logo.svg,logos/Unum_Group/Unum_Group.svg
265,266,Reynolds American,www.reynoldsamerican.com,https://commons.wikimedia.org/wiki/File:Target_logo.svg,https://upload.wikimedia.org/wikipedia/commons/9/9a/Target_logo.svg,logos/Reynolds_American/Reynolds_American.svg
266,267,Group 1 Automotive,www.group1auto.com,https://en.wikipedia.org/wiki/File:Tata_logo.svg,//upload.wikimedia.org/wikipedia/en/8/8e/Tata_logo.svg,logos/Group_Automotive/Group_Automotive.svg
267,268,Henry Schein,www.henryschein.com,Missing,Missing,Fail
268,269,Hertz Global Holdings,www.hertz.com,https://commons.wikimedia.org/wiki/File:Hertz_Logo.svg,https://upload.wikimedia.org/wikipedia/commons/8/8f/Hertz_Logo.svg,logos/Hertz_Global_Holdings/Hertz_Global_Holdings.svg
269,270,Norfolk Southern,www.nscorp.com,Missing,Missing,Fail
270,271,Reinsurance Group of America,www.rgare.com,https://commons.wikimedia.org/wiki/File:Reinsurance_Group_of_America_logo.svg,https://upload.wikimedia.org/wikipedia/commons/d/d8/Reinsurance_Group_of_America_logo.svg,logos/Reinsurance_Group_of_America/Reinsurance_Group_of_America.svg
271,272,Public Service Enterprise Group,www.pseg.com,https://en.wikipedia.org/wiki/File:PSEG_logo.svg,//upload.wikimedia.org/wikipedia/en/4/4f/PSEG_logo.svg,logos/Public_Service_Enterprise_Group/Public_Service_Enterprise_Group.svg
272,273,BB&T Corp.,www.bbt.com,https://commons.wikimedia.org/wiki/File:BB%26T_Logo.svg,https://upload.wikimedia.org/wikipedia/commons/d/d5/BB%26T_Logo.svg,logos/BB_T_Corp/BB_T_Corp.svg
273,274,DTE Energy,www.dteenergy.com,https://en.wikipedia.org/wiki/File:Duke_Energy_logo.svg,//upload.wikimedia.org/wikipedia/en/2/2e/Duke_Energy_logo.svg,logos/DTE_Energy/DTE_Energy.svg
274,275,Assurant,www.assurant.com,https://en.m.wikipedia.org/wiki/File:Wikimedia_Cloud_Services_logo.svg,//upload.wikimedia.org/wikipedia/commons/3/3d/Wikimedia_Cloud_Services_logo.svg,logos/Assurant/Assurant.svg
275,276,Global Partners,www.globalp.com,https://en.wikipedia.org/wiki/File:Global_Partners_logo.svg,//upload.wikimedia.org/wikipedia/en/2/29/Global_Partners_logo.svg,logos/Global_Partners/Global_Partners.svg
276,277,Huntsman,www.huntsman.com,https://commons.wikimedia.org/wiki/File:Huntsman_Corporation_Logo.svg,https://upload.wikimedia.org/wikipedia/commons/5/5a/Huntsman_Corporation_Logo.svg,logos/Huntsman/Huntsman.svg
277,278,Becton Dickinson,www.bd.com,https://en.wikipedia.org/wiki/File:Dell_Logo.svg,//upload.wikimedia.org/wikipedia/commons/4/48/Dell_Logo.svg,logos/Becton_Dickinson/Becton_Dickinson.svg
278,279,Sempra Energy,www.sempra.com,https://en.wikipedia.org/wiki/File:Duke_Energy_logo.svg,//upload.wikimedia.org/wikipedia/en/2/2e/Duke_Energy_logo.svg,logos/Sempra_Energy/Sempra_Energy.svg
279,280,AutoZone,www.autozone.com,https://en.m.wikipedia.org/wiki/File:Wikimedia_Cloud_Services_logo.svg,//upload.wikimedia.org/wikipedia/commons/3/3d/Wikimedia_Cloud_Services_logo.svg,logos/AutoZone/AutoZone.svg
280,281,Navistar International,www.navistar.com,https://en.m.wikipedia.org/wiki/File:Navistar_International_Logo.svg,//upload.wikimedia.org/wikipedia/commons/d/d1/Navistar_International_Logo.svg,logos/Navistar_International/Navistar_International.svg
281,282,Precision Castparts,www.precast.com,https://en.wikipedia.org/wiki/File:Fein_(company)_logo.svg,//upload.wikimedia.org/wikipedia/en/5/59/Fein_%28company%29_logo.svg,logos/Precision_Castparts/Precision_Castparts.svg
282,283,Discover Financial Services,www.discoverfinancial.com,https://commons.wikimedia.org/wiki/File:Discover_Card_logo.svg,https://upload.wikimedia.org/wikipedia/commons/5/57/Discover_Card_logo.svg,logos/Discover_Financial_Services/Discover_Financial_Services.svg
283,284,Liberty Interactive,www.libertyinteractive.com,https://commons.wikimedia.org/wiki/File:Liberty_University_logo.svg,https://upload.wikimedia.org/wikipedia/commons/2/22/Liberty_University_logo.svg,logos/Liberty_Interactive/Liberty_Interactive.svg
284,285,W.W. Grainger,www.grainger.com,Missing,Missing,Fail
285,286,Baxter International,www.baxter.com,https://en.wikipedia.org/wiki/File:Fein_(company)_logo.svg,//upload.wikimedia.org/wikipedia/en/5/59/Fein_%28company%29_logo.svg,logos/Baxter_International/Baxter_International.svg
286,287,Stryker,www.stryker.com,https://commons.wikimedia.org/wiki/File:Stryker_Corporation_logo.svg,https://upload.wikimedia.org/wikipedia/commons/7/77/Stryker_Corporation_logo.svg,logos/Stryker/Stryker.svg
287,288,Air Products & Chemicals,www.airproducts.com,https://commons.wikimedia.org/wiki/File:Air_Products_%26_Chemicals_Logo.svg,https://upload.wikimedia.org/wikipedia/commons/3/3b/Air_Products_%26_Chemicals_Logo.svg,logos/Air_Products_Chemicals/Air_Products_Chemicals.svg
288,289,Western Refining,www.wnr.com,https://en.wikipedia.org/wiki/File:Refinery29_logo.svg,//upload.wikimedia.org/wikipedia/commons/1/1a/Refinery29_logo.svg,logos/Western_Refining/Western_Refining.svg
289,290,Universal Health Services,www.uhsinc.com,https://en.m.wikipedia.org/wiki/File:Wikimedia_Cloud_Services_logo.svg,//upload.wikimedia.org/wikipedia/commons/3/3d/Wikimedia_Cloud_Services_logo.svg,logos/Universal_Health_Services/Universal_Health_Services.svg
290,291,Owens & Minor,www.owens-minor.com,https://commons.wikimedia.org/wiki/File:Target_logo.svg,https://upload.wikimedia.org/wikipedia/commons/9/9a/Target_logo.svg,logos/Owens_Minor/Owens_Minor.svg
291,292,Charter Communications,www.charter.com,https://commons.wikimedia.org/wiki/File:Charter_Communications_logo.svg,https://upload.wikimedia.org/wikipedia/commons/c/c8/Charter_Communications_logo.svg,logos/Charter_Communications/Charter_Communications.svg
292,293,Advance Auto Parts,www.advanceautoparts.com,https://en.m.wikipedia.org/wiki/File:Depop_logo.svg,//upload.wikimedia.org/wikipedia/commons/f/fb/Depop_logo.svg,logos/Advance_Auto_Parts/Advance_Auto_Parts.svg
293,294,MasterCard,www.mastercard.com,https://commons.wikimedia.org/wiki/File:MasterCard_Logo.svg,https://upload.wikimedia.org/wikipedia/commons/b/b7/MasterCard_Logo.svg,logos/MasterCard/MasterCard.svg
294,295,Applied Materials,www.appliedmaterials.com,https://en.wikipedia.org/wiki/File:Applied_Materials_Inc._Logo.svg,//upload.wikimedia.org/wikipedia/en/7/7e/Applied_Materials_Inc._Logo.svg,logos/Applied_Materials/Applied_Materials.svg
295,296,Eastman Chemical,www.eastman.com,https://commons.wikimedia.org/wiki/File:Eastman_Chemical_Company_logo.svg,https://upload.wikimedia.org/wikipedia/commons/1/16/Eastman_Chemical_Company_logo.svg,logos/Eastman_Chemical/Eastman_Chemical.svg
296,297,Sonic Automotive,www.sonicautomotive.com,https://en.wikipedia.org/wiki/File:Fein_(company)_logo.svg,//upload.wikimedia.org/wikipedia/en/5/59/Fein_%28company%29_logo.svg,logos/Sonic_Automotive/Sonic_Automotive.svg
297,298,Ally Financial,www.ally.com,https://commons.wikimedia.org/wiki/File:Ally_Bank_logo.svg,https://upload.wikimedia.org/wikipedia/commons/8/86/Ally_Bank_logo.svg,logos/Ally_Financial/Ally_Financial.svg
298,299,CST Brands,www.cstbrands.com,https://en.wikipedia.org/wiki/File:Varsity_Brands_logo.svg,//upload.wikimedia.org/wikipedia/en/c/c2/Varsity_Brands_logo.svg,logos/CST_Brands/CST_Brands.svg
299,300,eBay,www.ebay.com,https://commons.wikimedia.org/wiki/File:EBay_logo.svg,https://upload.wikimedia.org/wikipedia/commons/1/1b/EBay_logo.svg,logos/eBay/eBay.svg
300,301,Lennar,www.lennar.com,https://en.wikipedia.org/wiki/File:Fein_(company)_logo.svg,//upload.wikimedia.org/wikipedia/en/5/59/Fein_%28company%29_logo.svg,logos/Lennar/Lennar.svg
301,302,GameStop,www.gamestopcorp.com,https://en.m.wikipedia.org/wiki/File:Depop_logo.svg,//upload.wikimedia.org/wikipedia/commons/f/fb/Depop_logo.svg,logos/GameStop/GameStop.svg
302,303,Reliance Steel & Aluminum,www.rsac.com,Missing,Missing,Fail
303,304,Hormel Foods,www.hormelfoods.com,https://en.wikipedia.org/wiki/File:US_Foods_logo.svg,//upload.wikimedia.org/wikipedia/en/d/d1/US_Foods_logo.svg,logos/Hormel_Foods/Hormel_Foods.svg
304,305,Celgene,www.celgene.com,https://en.wikipedia.org/wiki/File:Celgene_logo.svg,//upload.wikimedia.org/wikipedia/en/8/82/Celgene_logo.svg,logos/Celgene/Celgene.svg
305,306,Genworth Financial,www.genworth.com,https://en.wikipedia.org/wiki/File:Dell_Logo.svg,//upload.wikimedia.org/wikipedia/commons/4/48/Dell_Logo.svg,logos/Genworth_Financial/Genworth_Financial.svg
306,307,PayPal Holdings,www.paypal.com,https://commons.wikimedia.org/wiki/File:PayPal_logo.svg,https://upload.wikimedia.org/wikipedia/commons/3/39/PayPal_logo.svg,logos/PayPal_Holdings/PayPal_Holdings.svg
307,308,Priceline Group,www.pricelinegroup.com,https://commons.wikimedia.org/wiki/File:Priceline.com_logo.svg,https://upload.wikimedia.org/wikipedia/commons/e/e1/Priceline.com_logo.svg,logos/Priceline_Group/Priceline_Group.svg
308,309,MGM Resorts International,www.mgmresorts.com,https://commons.wikimedia.org/wiki/File:Circus_Circus_LV_logo.svg,https://upload.wikimedia.org/wikipedia/commons/6/61/Circus_Circus_LV_logo.svg,logos/MGM_Resorts_International/MGM_Resorts_International.svg
309,310,Autoliv,www.autoliv.com,https://en.wikipedia.org/wiki/File:Autoliv_logo.svg,//upload.wikimedia.org/wikipedia/en/5/56/Autoliv_logo.svg,logos/Autoliv/Autoliv.svg
310,311,Fidelity National Financial,www.fnf.com,https://en.wikipedia.org/wiki/File:FIS_(company)_Fidelity_National_Information_Services_Inc._Corporate_Logo.svg,//upload.wikimedia.org/wikipedia/en/4/48/FIS_%28company%29_Fidelity_National_Information_Services_Inc._Corporate_Logo.svg,logos/Fidelity_National_Financial/Fidelity_National_Financial.svg
311,312,Republic Services,www.republicservices.com,https://en.m.wikipedia.org/wiki/File:Wikimedia_Cloud_Services_logo.svg,//upload.wikimedia.org/wikipedia/commons/3/3d/Wikimedia_Cloud_Services_logo.svg,logos/Republic_Services/Republic_Services.svg
312,313,Corning,www.corning.com,https://commons.wikimedia.org/wiki/File:Corning_Incorporated_Logo.svg,https://upload.wikimedia.org/wikipedia/commons/6/63/Corning_Incorporated_Logo.svg,logos/Corning/Corning.svg
313,314,Peter Kiewit Sons’,www.kiewit.com,Missing,Missing,Fail
314,315,Univar,www.univar.com,https://en.wikipedia.org/wiki/File:Fein_(company)_logo.svg,//upload.wikimedia.org/wikipedia/en/5/59/Fein_%28company%29_logo.svg,logos/Univar/Univar.svg
315,316,Mosaic,www.mosaicco.com,https://en.wikipedia.org/wiki/File:Family_Mosaic_logo.svg,//upload.wikimedia.org/wikipedia/en/8/86/Family_Mosaic_logo.svg,logos/Mosaic/Mosaic.svg
316,317,Core-Mark Holding,www.core-mark.com,https://en.wikipedia.org/wiki/File:Fein_(company)_logo.svg,//upload.wikimedia.org/wikipedia/en/5/59/Fein_%28company%29_logo.svg,logos/Core_Mark_Holding/Core_Mark_Holding.svg
317,318,Thrivent Financial for Lutherans,www.thrivent.com,https://en.wikipedia.org/wiki/File:Namecoin_logo.svg,//upload.wikimedia.org/wikipedia/en/3/3f/Namecoin_logo.svg,logos/Thrivent_Financial_for_Lutherans/Thrivent_Financial_for_Lutherans.svg
318,319,Cameron International,www.c-a-m.com,https://commons.wikimedia.org/wiki/File:Cameron_Coca_Cola_logo.svg,https://upload.wikimedia.org/wikipedia/commons/6/6f/Cameron_Coca_Cola_logo.svg,logos/Cameron_International/Cameron_International.svg
319,320,HD Supply Holdings,www.hdsupply.com,https://en.wikipedia.org/wiki/File:HD_Supply_logo.svg,//upload.wikimedia.org/wikipedia/en/c/c3/HD_Supply_logo.svg,logos/HD_Supply_Holdings/HD_Supply_Holdings.svg
320,321,Crown Holdings,www.crowncork.com,Missing,Missing,Fail
321,322,EOG Resources,www.eogresources.com,https://en.wikipedia.org/wiki/File:Range_logo.svg,//upload.wikimedia.org/wikipedia/en/0/0e/Range_logo.svg,logos/EOG_Resources/EOG_Resources.svg
322,323,Veritiv,www.veritivcorp.com,https://en.wikipedia.org/wiki/File:Fein_(company)_logo.svg,//upload.wikimedia.org/wikipedia/en/5/59/Fein_%28company%29_logo.svg,logos/Veritiv/Veritiv.svg
323,324,Anadarko Petroleum,www.anadarko.com,https://en.wikipedia.org/wiki/File:Occidental_Logo.svg,//upload.wikimedia.org/wikipedia/en/9/9e/Occidental_Logo.svg,logos/Anadarko_Petroleum/Anadarko_Petroleum.svg
324,325,Laboratory Corp. of America,www.labcorp.com,https://en.wikipedia.org/wiki/File:Brookhaven_National_Laboratory_logo.svg,//upload.wikimedia.org/wikipedia/en/4/45/Brookhaven_National_Laboratory_logo.svg,logos/Laboratory_Corp_of_America/Laboratory_Corp_of_America.svg
325,326,Pacific Life,www.pacificlife.com,https://en.wikipedia.org/wiki/File:Georgia-Pacific_logo.svg,//upload.wikimedia.org/wikipedia/en/6/6a/Georgia-Pacific_logo.svg,logos/Pacific_Life/Pacific_Life.svg
326,327,News Corp.,www.newscorp.com,https://en.wikipedia.org/wiki/File:News_Corp._logo.svg,//upload.wikimedia.org/wikipedia/commons/1/19/News_Corp._logo.svg,logos/News_Corp/News_Corp.svg
327,328,Jarden,www.jarden.com,https://commons.wikimedia.org/wiki/File:Jarden_Corporation_logo.svg,https://upload.wikimedia.org/wikipedia/commons/9/9f/Jarden_Corporation_logo.svg,logos/Jarden/Jarden.svg
328,329,SunTrust Banks,www.suntrust.com,https://en.wikipedia.org/wiki/File:SunTrust_Logo.svg,//upload.wikimedia.org/wikipedia/en/3/32/SunTrust_Logo.svg,logos/SunTrust_Banks/SunTrust_Banks.svg
329,330,Avis Budget Group,www.avisbudgetgroup.com,https://en.wikipedia.org/wiki/File:Avis_Budget_Group_logo.svg,//upload.wikimedia.org/wikipedia/en/1/1f/Avis_Budget_Group_logo.svg,logos/Avis_Budget_Group/Avis_Budget_Group.svg
330,331,Broadcom,www.broadcom.com,https://commons.wikimedia.org/wiki/File:Broadcom_Logo.svg,https://upload.wikimedia.org/wikipedia/commons/5/5a/Broadcom_Logo.svg,logos/Broadcom/Broadcom.svg
331,332,American Family Insurance Group,www.amfam.com,https://en.wikipedia.org/wiki/File:Fein_(company)_logo.svg,//upload.wikimedia.org/wikipedia/en/5/59/Fein_%28company%29_logo.svg,logos/American_Family_Insurance_Group/American_Family_Insurance_Group.svg
332,333,Level 3 Communications,www.level3.com,https://en.wikipedia.org/wiki/File:Level3_Logo.svg,//upload.wikimedia.org/wikipedia/en/3/34/Level3_Logo.svg,logos/Level_Communications/Level_Communications.svg
333,334,Tenneco,www.tenneco.com,https://commons.wikimedia.org/wiki/File:Tenneco_logo.svg,https://upload.wikimedia.org/wikipedia/commons/4/4f/Tenneco_logo.svg,logos/Tenneco/Tenneco.svg
334,335,United Natural Foods,www.unfi.com,https://commons.wikimedia.org/wiki/File:Food_and_Drug_Administration_logo.svg,https://upload.wikimedia.org/wikipedia/commons/7/7d/Food_and_Drug_Administration_logo.svg,logos/United_Natural_Foods/United_Natural_Foods.svg
335,336,Dean Foods,www.deanfoods.com,https://en.wikipedia.org/wiki/File:US_Foods_logo.svg,//upload.wikimedia.org/wikipedia/en/d/d1/US_Foods_logo.svg,logos/Dean_Foods/Dean_Foods.svg
336,337,Campbell Soup,www.campbellsoupcompany.com,https://commons.wikimedia.org/wiki/File:Campbell_Soup_Company_logo.svg,https://upload.wikimedia.org/wikipedia/commons/9/9d/Campbell_Soup_Company_logo.svg,logos/Campbell_Soup/Campbell_Soup.svg
337,338,Mohawk Industries,www.mohawkind.com,https://en.wikipedia.org/wiki/File:Fein_(company)_logo.svg,//upload.wikimedia.org/wikipedia/en/5/59/Fein_%28company%29_logo.svg,logos/Mohawk_Industries/Mohawk_Industries.svg
338,339,BorgWarner,www.borgwarner.com,https://en.wikipedia.org/wiki/File:Fein_(company)_logo.svg,//upload.wikimedia.org/wikipedia/en/5/59/Fein_%28company%29_logo.svg,logos/BorgWarner/BorgWarner.svg
339,340,PVH,www.pvh.com,https://commons.wikimedia.org/wiki/File:Phillips-Van_Heusen_logo.svg,https://upload.wikimedia.org/wikipedia/commons/b/ba/Phillips-Van_Heusen_logo.svg,logos/PVH/PVH.svg
340,341,Ball,www.ball.com,https://en.wikipedia.org/wiki/File:Fein_(company)_logo.svg,//upload.wikimedia.org/wikipedia/en/5/59/Fein_%28company%29_logo.svg,logos/Ball/Ball.svg
341,342,O’Reilly Automotive,www.oreillyauto.com,https://en.wikipedia.org/wiki/File:O%27Reilly_Auto_Parts_Logo.svg,//upload.wikimedia.org/wikipedia/en/a/a5/O%27Reilly_Auto_Parts_Logo.svg,logos/O_Reilly_Automotive/O_Reilly_Automotive.svg
342,343,Eversource Energy,www.eversource.com,https://en.wikipedia.org/wiki/File:Duke_Energy_logo.svg,//upload.wikimedia.org/wikipedia/en/2/2e/Duke_Energy_logo.svg,logos/Eversource_Energy/Eversource_Energy.svg
343,344,Franklin Resources,www.franklinresources.com,https://en.wikipedia.org/wiki/File:NextEra_Energy_Resources_logo.svg,//upload.wikimedia.org/wikipedia/en/4/44/NextEra_Energy_Resources_logo.svg,logos/Franklin_Resources/Franklin_Resources.svg
344,345,Masco,www.masco.com,https://en.wikipedia.org/wiki/File:Dell_Logo.svg,//upload.wikimedia.org/wikipedia/commons/4/48/Dell_Logo.svg,logos/Masco/Masco.svg
345,346,Lithia Motors,www.lithia.com,https://commons.wikimedia.org/wiki/File:General_Motors_logo.svg,https://upload.wikimedia.org/wikipedia/commons/d/d6/General_Motors_logo.svg,logos/Lithia_Motors/Lithia_Motors.svg
346,347,KKR,www.kkr.com,https://en.wikipedia.org/wiki/File:Fein_(company)_logo.svg,//upload.wikimedia.org/wikipedia/en/5/59/Fein_%28company%29_logo.svg,logos/KKR/KKR.svg
347,348,Oneok,www.oneok.com,https://en.wikipedia.org/wiki/File:Dell_Logo.svg,//upload.wikimedia.org/wikipedia/commons/4/48/Dell_Logo.svg,logos/Oneok/Oneok.svg
348,349,Newmont Mining,www.newmont.com,https://en.wikipedia.org/wiki/File:Dell_Logo.svg,//upload.wikimedia.org/wikipedia/commons/4/48/Dell_Logo.svg,logos/Newmont_Mining/Newmont_Mining.svg
349,350,PPL,www.pplweb.com,https://en.wikipedia.org/wiki/File:Dell_Logo.svg,//upload.wikimedia.org/wikipedia/commons/4/48/Dell_Logo.svg,logos/PPL/PPL.svg
350,351,SpartanNash,www.spartannash.com,https://en.wikipedia.org/wiki/File:Dell_Logo.svg,//upload.wikimedia.org/wikipedia/commons/4/48/Dell_Logo.svg,logos/SpartanNash/SpartanNash.svg
351,352,Quanta Services,www.quantaservices.com,https://en.m.wikipedia.org/wiki/File:Wikimedia_Cloud_Services_logo.svg,//upload.wikimedia.org/wikipedia/commons/3/3d/Wikimedia_Cloud_Services_logo.svg,logos/Quanta_Services/Quanta_Services.svg
352,353,XPO Logistics,www.xpo.com,https://commons.wikimedia.org/wiki/File:XPO_Logistics_logo.svg,https://upload.wikimedia.org/wikipedia/commons/d/d0/XPO_Logistics_logo.svg,logos/XPO_Logistics/XPO_Logistics.svg
353,354,Ralph Lauren,www.ralphlauren.com,https://en.wikipedia.org/wiki/File:Dell_Logo.svg,//upload.wikimedia.org/wikipedia/commons/4/48/Dell_Logo.svg,logos/Ralph_Lauren/Ralph_Lauren.svg
354,355,Interpublic Group,www.interpublic.com,https://en.wikipedia.org/wiki/File:Interpublic_Group_of_Companies_logo.svg,//upload.wikimedia.org/wikipedia/en/9/91/Interpublic_Group_of_Companies_logo.svg,logos/Interpublic_Group/Interpublic_Group.svg
355,356,Steel Dynamics,www.steeldynamics.com,https://en.wikipedia.org/wiki/File:British_Steel_logo.svg,//upload.wikimedia.org/wikipedia/en/8/89/British_Steel_logo.svg,logos/Steel_Dynamics/Steel_Dynamics.svg
356,357,WESCO International,www.wesco.com,https://en.m.wikipedia.org/wiki/File:Wikimedia_Cloud_Services_logo.svg,//upload.wikimedia.org/wikipedia/commons/3/3d/Wikimedia_Cloud_Services_logo.svg,logos/WESCO_International/WESCO_International.svg
357,358,Quest Diagnostics,www.questdiagnostics.com,https://en.wikipedia.org/wiki/File:Kaspersky_Lab_logo.svg,//upload.wikimedia.org/wikipedia/en/e/e9/Kaspersky_Lab_logo.svg,logos/Quest_Diagnostics/Quest_Diagnostics.svg
358,359,Boston Scientific,www.bostonscientific.com,https://commons.wikimedia.org/wiki/File:Boston_Scientific_Logo.svg,https://upload.wikimedia.org/wikipedia/commons/0/02/Boston_Scientific_Logo.svg,logos/Boston_Scientific/Boston_Scientific.svg
359,360,AGCO,www.agcocorp.com,https://en.wikipedia.org/wiki/File:AGCO_logo.svg,//upload.wikimedia.org/wikipedia/en/6/6d/AGCO_logo.svg,logos/AGCO/AGCO.svg
360,361,Foot Locker,www.footlocker-inc.com,https://en.wikipedia.org/wiki/File:Fein_(company)_logo.svg,//upload.wikimedia.org/wikipedia/en/5/59/Fein_%28company%29_logo.svg,logos/Foot_Locker/Foot_Locker.svg
361,362,Hershey,www.thehersheycompany.com,https://commons.wikimedia.org/wiki/File:Hershey_logo.svg,https://upload.wikimedia.org/wikipedia/commons/e/e5/Hershey_logo.svg,logos/Hershey/Hershey.svg
362,363,CenterPoint Energy,www.centerpointenergy.com,https://commons.wikimedia.org/wiki/File:CenterPoint_Energy_logo.svg,https://upload.wikimedia.org/wikipedia/commons/0/06/CenterPoint_Energy_logo.svg,logos/CenterPoint_Energy/CenterPoint_Energy.svg
363,364,Williams,www.williams.com,https://en.wikipedia.org/wiki/File:Williams_Companies_logo.svg,//upload.wikimedia.org/wikipedia/en/8/81/Williams_Companies_logo.svg,logos/Williams/Williams.svg
364,365,Dick’s Sporting Goods,www.dickssportinggoods.com,https://commons.wikimedia.org/wiki/File:MLS_logo.svg,https://upload.wikimedia.org/wikipedia/commons/8/86/MLS_logo.svg,logos/Dick_s_Sporting_Goods/Dick_s_Sporting_Goods.svg
365,366,Live Nation Entertainment,www.livenation.com,https://en.wikipedia.org/wiki/File:Fein_(company)_logo.svg,//upload.wikimedia.org/wikipedia/en/5/59/Fein_%28company%29_logo.svg,logos/Live_Nation_Entertainment/Live_Nation_Entertainment.svg
366,367,Mutual of Omaha Insurance,www.mutualofomaha.com,https://en.wikipedia.org/wiki/File:Kotak_Mutual_Fund_logo.svg,//upload.wikimedia.org/wikipedia/en/a/a7/Kotak_Mutual_Fund_logo.svg,logos/Mutual_of_Omaha_Insurance/Mutual_of_Omaha_Insurance.svg
367,368,W.R. Berkley,www.wrberkley.com,Missing,Missing,Fail
368,369,LKQ,www.lkqcorp.com,https://en.wikipedia.org/wiki/File:Dell_Logo.svg,//upload.wikimedia.org/wikipedia/commons/4/48/Dell_Logo.svg,logos/LKQ/LKQ.svg
369,370,Avon Products,www.avoncompany.com,https://commons.wikimedia.org/wiki/File:Avon_logo.svg,https://upload.wikimedia.org/wikipedia/commons/c/c8/Avon_logo.svg,logos/Avon_Products/Avon_Products.svg
370,371,Darden Restaurants,www.darden.com,https://en.wikipedia.org/wiki/File:Fein_(company)_logo.svg,//upload.wikimedia.org/wikipedia/en/5/59/Fein_%28company%29_logo.svg,logos/Darden_Restaurants/Darden_Restaurants.svg
371,372,Kindred Healthcare,www.kindredhealthcare.com,https://en.wikipedia.org/wiki/File:Fein_(company)_logo.svg,//upload.wikimedia.org/wikipedia/en/5/59/Fein_%28company%29_logo.svg,logos/Kindred_Healthcare/Kindred_Healthcare.svg
372,373,Weyerhaeuser,www.weyerhaeuser.com,https://en.wikipedia.org/wiki/File:Fein_(company)_logo.svg,//upload.wikimedia.org/wikipedia/en/5/59/Fein_%28company%29_logo.svg,logos/Weyerhaeuser/Weyerhaeuser.svg
373,374,Casey’s General Stores,www.caseys.com,https://en.wikipedia.org/wiki/File:Fein_(company)_logo.svg,//upload.wikimedia.org/wikipedia/en/5/59/Fein_%28company%29_logo.svg,logos/Casey_s_General_Stores/Casey_s_General_Stores.svg
374,375,Sealed Air,www.sealedair.com,https://en.wikipedia.org/wiki/File:Niki_(airline)_logo.svg,//upload.wikimedia.org/wikipedia/en/4/49/Niki_%28airline%29_logo.svg,logos/Sealed_Air/Sealed_Air.svg
375,376,Fifth Third Bancorp,www.53.com,https://en.wikipedia.org/wiki/File:First_Bank_and_Trust_Logo.svg,//upload.wikimedia.org/wikipedia/en/4/4b/First_Bank_and_Trust_Logo.svg,logos/Fifth_Third_Bancorp/Fifth_Third_Bancorp.svg
376,377,Dover,www.dovercorporation.com,https://en.wikipedia.org/wiki/File:Daily_Record_logo.svg,//upload.wikimedia.org/wikipedia/en/3/3d/Daily_Record_logo.svg,logos/Dover/Dover.svg
377,378,Huntington Ingalls Industries,www.huntingtoningalls.com,https://en.wikipedia.org/wiki/File:Dell_Logo.svg,//upload.wikimedia.org/wikipedia/commons/4/48/Dell_Logo.svg,logos/Huntington_Ingalls_Industries/Huntington_Ingalls_Industries.svg
378,379,Netflix,www.netflix.com,https://commons.wikimedia.org/wiki/File:Netflix_2015_logo.svg,https://upload.wikimedia.org/wikipedia/commons/0/08/Netflix_2015_logo.svg,logos/Netflix/Netflix.svg
379,380,Dillard’s,www.dillards.com,https://commons.wikimedia.org/wiki/File:Dillard%27s_Logo.svg,https://upload.wikimedia.org/wikipedia/commons/5/5b/Dillard%27s_Logo.svg,logos/Dillard_s/Dillard_s.svg
380,381,EMCOR Group,www.emcorgroup.com,https://en.wikipedia.org/wiki/File:KGK_Group_logo.svg,//upload.wikimedia.org/wikipedia/en/3/38/KGK_Group_logo.svg,logos/EMCOR_Group/EMCOR_Group.svg
381,382,Jones Financial,www.edwardjones.com,https://en.wikipedia.org/wiki/File:LPL_Financial_logo.svg,//upload.wikimedia.org/wikipedia/en/2/26/LPL_Financial_logo.svg,logos/Jones_Financial/Jones_Financial.svg
382,383,AK Steel Holding,www.aksteel.com,https://commons.wikimedia.org/wiki/File:AK_Steel_Logo.svg,https://upload.wikimedia.org/wikipedia/commons/b/ba/AK_Steel_Logo.svg,logos/AK_Steel_Holding/AK_Steel_Holding.svg
383,384,UGI,www.ugicorp.com,https://en.wikipedia.org/wiki/File:Dell_Logo.svg,//upload.wikimedia.org/wikipedia/commons/4/48/Dell_Logo.svg,logos/UGI/UGI.svg
384,385,Expedia,www.expediainc.com,https://commons.wikimedia.org/wiki/File:Expedia_2012_logo.svg,https://upload.wikimedia.org/wikipedia/commons/5/5b/Expedia_2012_logo.svg,logos/Expedia/Expedia.svg
385,386,salesforce.com,www.salesforce.com,https://en.wikipedia.org/wiki/File:Xero_software_logo.svg,//upload.wikimedia.org/wikipedia/en/9/9f/Xero_software_logo.svg,logos/salesforce_com/salesforce_com.svg
386,387,Targa Resources,www.targaresources.com,https://en.wikipedia.org/wiki/File:Range_logo.svg,//upload.wikimedia.org/wikipedia/en/0/0e/Range_logo.svg,logos/Targa_Resources/Targa_Resources.svg
387,388,Apache,www.apachecorp.com,https://commons.wikimedia.org/wiki/File:Apache_Spark_logo.svg,https://upload.wikimedia.org/wikipedia/commons/f/f3/Apache_Spark_logo.svg,logos/Apache/Apache.svg
388,389,Spirit AeroSystems Holdings,www.spiritaero.com,https://en.wikipedia.org/wiki/File:Esprit_Holdings_logo.svg,//upload.wikimedia.org/wikipedia/en/0/07/Esprit_Holdings_logo.svg,logos/Spirit_AeroSystems_Holdings/Spirit_AeroSystems_Holdings.svg
389,390,Expeditors International of Washington,www.expeditors.com,https://en.wikipedia.org/wiki/File:Expeditors_International_logo.svg,//upload.wikimedia.org/wikipedia/en/c/c7/Expeditors_International_logo.svg,logos/Expeditors_International_of_Washington/Expeditors_International_of_Washington.svg
390,391,Anixter International,www.anixter.com,Missing,Missing,Fail
391,392,Fidelity National Information Services,www.fisglobal.com,https://en.wikipedia.org/wiki/File:FIS_(company)_Fidelity_National_Information_Services_Inc._Corporate_Logo.svg,//upload.wikimedia.org/wikipedia/en/4/48/FIS_%28company%29_Fidelity_National_Information_Services_Inc._Corporate_Logo.svg,logos/Fidelity_National_Information_Services/Fidelity_National_Information_Services.svg
392,393,Asbury Automotive Group,www.asburyauto.com,https://commons.wikimedia.org/wiki/File:Asbury_Automotive_Group_logo.svg,https://upload.wikimedia.org/wikipedia/commons/c/c5/Asbury_Automotive_Group_logo.svg,logos/Asbury_Automotive_Group/Asbury_Automotive_Group.svg
393,394,Hess,www.hess.com,https://commons.wikimedia.org/wiki/File:Hess_Corporation_Logo.svg,https://upload.wikimedia.org/wikipedia/commons/5/58/Hess_Corporation_Logo.svg,logos/Hess/Hess.svg
394,395,Ryder System,www.ryder.com,https://en.wikipedia.org/wiki/File:Fein_(company)_logo.svg,//upload.wikimedia.org/wikipedia/en/5/59/Fein_%28company%29_logo.svg,logos/Ryder_System/Ryder_System.svg
395,396,Terex,www.terex.com,https://commons.wikimedia.org/wiki/File:Terex-Fuchs_Logo.svg,https://upload.wikimedia.org/wikipedia/commons/b/b4/Terex-Fuchs_Logo.svg,logos/Terex/Terex.svg
396,397,Coca-Cola European Partners,www.cokecce.com,https://commons.wikimedia.org/wiki/File:The_Coca-Cola_Company_logo.svg,https://upload.wikimedia.org/wikipedia/commons/5/5e/The_Coca-Cola_Company_logo.svg,logos/Coca_Cola_European_Partners/Coca_Cola_European_Partners.svg
397,398,Auto-Owners Insurance,www.auto-owners.com,https://en.wikipedia.org/wiki/File:Fein_(company)_logo.svg,//upload.wikimedia.org/wikipedia/en/5/59/Fein_%28company%29_logo.svg,logos/Auto_Owners_Insurance/Auto_Owners_Insurance.svg
398,399,Cablevision Systems,www.cablevision.com,https://en.wikipedia.org/wiki/File:Cablevision_Company_Logo.svg,//upload.wikimedia.org/wikipedia/en/0/05/Cablevision_Company_Logo.svg,logos/Cablevision_Systems/Cablevision_Systems.svg
399,400,Symantec,www.symantec.com,https://commons.wikimedia.org/wiki/File:Symantec_Logo.svg,https://upload.wikimedia.org/wikipedia/commons/0/00/Symantec_Logo.svg,logos/Symantec/Symantec.svg
400,401,Charles Schwab,www.aboutschwab.com,https://commons.wikimedia.org/wiki/File:Charles_Schwab_Corporation_logo.svg,https://upload.wikimedia.org/wikipedia/commons/4/4b/Charles_Schwab_Corporation_logo.svg,logos/Charles_Schwab/Charles_Schwab.svg
401,402,Calpine,www.calpine.com,https://en.m.wikipedia.org/wiki/File:Wikimedia_Cloud_Services_logo.svg,//upload.wikimedia.org/wikipedia/commons/3/3d/Wikimedia_Cloud_Services_logo.svg,logos/Calpine/Calpine.svg
402,403,CMS Energy,www.cmsenergy.com,https://en.wikipedia.org/wiki/File:Duke_Energy_logo.svg,//upload.wikimedia.org/wikipedia/en/2/2e/Duke_Energy_logo.svg,logos/CMS_Energy/CMS_Energy.svg
403,404,Alliance Data Systems,www.alliancedata.com,https://en.m.wikipedia.org/wiki/File:Wikimedia_Cloud_Services_logo.svg,//upload.wikimedia.org/wikipedia/commons/3/3d/Wikimedia_Cloud_Services_logo.svg,logos/Alliance_Data_Systems/Alliance_Data_Systems.svg
404,405,JetBlue Airways,www.jetblue.com,https://commons.wikimedia.org/wiki/File:JetBlue_Airways_Logo.svg,https://upload.wikimedia.org/wikipedia/commons/3/3c/JetBlue_Airways_Logo.svg,logos/JetBlue_Airways/JetBlue_Airways.svg
405,406,Discovery Communications,www.discoverycommunications.com,https://commons.wikimedia.org/wiki/File:The_Discovery_Channel_logo.svg,https://upload.wikimedia.org/wikipedia/commons/1/19/The_Discovery_Channel_logo.svg,logos/Discovery_Communications/Discovery_Communications.svg
406,407	Trinity Industries,www.trin.net,,Missing,Missing,Fail
407,408,Sanmina,www.sanmina.com,https://commons.wikimedia.org/wiki/File:Sanmina-SCI_Logo.svg,https://upload.wikimedia.org/wikipedia/commons/8/8a/Sanmina-SCI_Logo.svg,logos/Sanmina/Sanmina.svg
408,409,NCR,www.ncr.com,https://en.wikipedia.org/wiki/File:Dell_Logo.svg,//upload.wikimedia.org/wikipedia/commons/4/48/Dell_Logo.svg,logos/NCR/NCR.svg
409,410,FMC Technologies,www.fmctechnologies.com,https://commons.wikimedia.org/wiki/File:CA_Technologies_logo.svg,https://upload.wikimedia.org/wikipedia/commons/0/08/CA_Technologies_logo.svg,logos/FMC_Technologies/FMC_Technologies.svg
410,411,Erie Insurance Group,www.erieinsurance.com,https://en.wikipedia.org/wiki/File:Harleysville_Logo.svg,//upload.wikimedia.org/wikipedia/en/0/06/Harleysville_Logo.svg,logos/Erie_Insurance_Group/Erie_Insurance_Group.svg
411,412,Rockwell Automation,www.rockwellautomation.com,https://commons.wikimedia.org/wiki/File:Rockwell_Automation_logo.svg,https://upload.wikimedia.org/wikipedia/commons/b/b9/Rockwell_Automation_logo.svg,logos/Rockwell_Automation/Rockwell_Automation.svg
412,413,Dr Pepper Snapple Group,www.drpeppersnapplegroup.com,https://en.wikipedia.org/wiki/File:Fein_(company)_logo.svg,//upload.wikimedia.org/wikipedia/en/5/59/Fein_%28company%29_logo.svg,logos/Dr_Pepper_Snapple_Group/Dr_Pepper_Snapple_Group.svg
413,414,iHeartMedia,www.iheartmedia.com,https://commons.wikimedia.org/wiki/File:IHeartMedia_logo.svg,https://upload.wikimedia.org/wikipedia/commons/a/a2/IHeartMedia_logo.svg,logos/iHeartMedia/iHeartMedia.svg
414,415,Tractor Supply,www.tractorsupply.com,https://en.wikipedia.org/wiki/File:HD_Supply_logo.svg,//upload.wikimedia.org/wikipedia/en/c/c3/HD_Supply_logo.svg,logos/Tractor_Supply/Tractor_Supply.svg
415,416,J.B. Hunt Transport Services,www.jbhunt.com,https://en.wikipedia.org/wiki/File:Fein_(company)_logo.svg,//upload.wikimedia.org/wikipedia/en/5/59/Fein_%28company%29_logo.svg,logos/J_B_Hunt_Transport_Services/J_B_Hunt_Transport_Services.svg
416,417,Commercial Metals,www.cmc.com,https://en.wikipedia.org/wiki/File:UFCW_logo.svg,//upload.wikimedia.org/wikipedia/en/2/2f/UFCW_logo.svg,logos/Commercial_Metals/Commercial_Metals.svg
417,418,Owens-Illinois,www.o-i.com,https://commons.wikimedia.org/wiki/File:Owens-Illinois_logo.svg,https://upload.wikimedia.org/wikipedia/commons/1/1d/Owens-Illinois_logo.svg,logos/Owens_Illinois/Owens_Illinois.svg
418,419,Harman International Industries,www.harman.com,https://commons.wikimedia.org/wiki/File:Harman_International_Industries_Logo.svg,https://upload.wikimedia.org/wikipedia/commons/8/88/Harman_International_Industries_Logo.svg,logos/Harman_International_Industries/Harman_International_Industries.svg
419,420,Baxalta,www.baxalta.com,https://en.wikipedia.org/wiki/File:Dell_Logo.svg,//upload.wikimedia.org/wikipedia/commons/4/48/Dell_Logo.svg,logos/Baxalta/Baxalta.svg
420,421,American Financial Group,www.afginc.com,https://en.wikipedia.org/wiki/File:CNL_Financial_Group_logo.svg,//upload.wikimedia.org/wikipedia/en/5/50/CNL_Financial_Group_logo.svg,logos/American_Financial_Group/American_Financial_Group.svg
421,422,NetApp,www.netapp.com,https://en.wikipedia.org/wiki/File:Netapp_logo.svg,//upload.wikimedia.org/wikipedia/en/8/87/Netapp_logo.svg,logos/NetApp/NetApp.svg
422,423,Graybar Electric,www.graybar.com,https://commons.wikimedia.org/wiki/File:General_Electric_logo.svg,https://upload.wikimedia.org/wikipedia/commons/f/ff/General_Electric_logo.svg,logos/Graybar_Electric/Graybar_Electric.svg
423,424,Oshkosh,www.oshkoshcorporation.com,https://commons.wikimedia.org/wiki/File:Oshkosh_Corporation_logo.svg,https://upload.wikimedia.org/wikipedia/commons/1/18/Oshkosh_Corporation_logo.svg,logos/Oshkosh/Oshkosh.svg
424,425,Ameren,www.ameren.com,https://commons.wikimedia.org/wiki/File:Ameren_logo.svg,https://upload.wikimedia.org/wikipedia/commons/8/8c/Ameren_logo.svg,logos/Ameren/Ameren.svg
425,426,A-Mark Precious Metals,www.amark.com,https://commons.wikimedia.org/wiki/File:Silver_Wheaton_logo.svg,https://upload.wikimedia.org/wikipedia/commons/d/da/Silver_Wheaton_logo.svg,logos/A_Mark_Precious_Metals/A_Mark_Precious_Metals.svg
426,427,Barnes & Noble,www.barnesandnobleinc.com,https://commons.wikimedia.org/wiki/File:Barnes_%26_Noble_logo.svg,https://upload.wikimedia.org/wikipedia/commons/a/ae/Barnes_%26_Noble_logo.svg,logos/Barnes_Noble/Barnes_Noble.svg
427,428,Dana Holding,www.dana.com,https://en.wikipedia.org/wiki/File:Dana_Incorporated_logo.svg,//upload.wikimedia.org/wikipedia/en/d/de/Dana_Incorporated_logo.svg,logos/Dana_Holding/Dana_Holding.svg
428,429,Constellation Brands,www.cbrands.com,https://en.wikipedia.org/wiki/File:Michael_Kors_(brand)_logo.svg,//upload.wikimedia.org/wikipedia/en/3/32/Michael_Kors_%28brand%29_logo.svg,logos/Constellation_Brands/Constellation_Brands.svg
429,430	LifePoint Health,www.lifepointhealth.net,,Missing,Missing,Fail
430,431,Zimmer Biomet Holdings,www.zimmerbiomet.com,https://commons.wikimedia.org/wiki/File:Zimmer_Holdings_logo.svg,https://upload.wikimedia.org/wikipedia/commons/0/05/Zimmer_Holdings_logo.svg,logos/Zimmer_Biomet_Holdings/Zimmer_Biomet_Holdings.svg
431,432,Harley-Davidson,www.harley-davidson.com,https://commons.wikimedia.org/wiki/File:Harley-Davidson_logo.svg,https://upload.wikimedia.org/wikipedia/commons/d/de/Harley-Davidson_logo.svg,logos/Harley_Davidson/Harley_Davidson.svg
432,433,PulteGroup,www.pultegroupinc.com,https://en.wikipedia.org/wiki/File:Tata_logo.svg,//upload.wikimedia.org/wikipedia/en/8/8e/Tata_logo.svg,logos/PulteGroup/PulteGroup.svg
433,434,Newell Brands,www.newellbrands.com,https://commons.wikimedia.org/wiki/File:Newell_Brands_logo.svg,https://upload.wikimedia.org/wikipedia/commons/3/3b/Newell_Brands_logo.svg,logos/Newell_Brands/Newell_Brands.svg
434,435,Avery Dennison,www.averydennison.com,Missing,Missing,Fail
435,436,Jones Lang LaSalle,www.jll.com,Missing,Missing,Fail
436,437,WEC Energy Group,www.wecenergygroup.com,https://en.wikipedia.org/wiki/File:Dominion_Energy_logo.svg,//upload.wikimedia.org/wikipedia/en/b/b8/Dominion_Energy_logo.svg,logos/WEC_Energy_Group/WEC_Energy_Group.svg
437,438,Marathon Oil,www.marathonoil.com,https://commons.wikimedia.org/wiki/File:Marathon_Oil_Logo.svg,https://upload.wikimedia.org/wikipedia/commons/b/bb/Marathon_Oil_Logo.svg,logos/Marathon_Oil/Marathon_Oil.svg
438,439,TravelCenters of America,www.ta-petrol.com,https://en.wikipedia.org/wiki/File:TravelCenters_of_America_logo.svg,//upload.wikimedia.org/wikipedia/en/8/84/TravelCenters_of_America_logo.svg,logos/TravelCenters_of_America/TravelCenters_of_America.svg
439,440,United Rentals,www.unitedrentals.com,https://commons.wikimedia.org/wiki/File:United_Rentals_Logo.svg,https://upload.wikimedia.org/wikipedia/commons/b/b3/United_Rentals_Logo.svg,logos/United_Rentals/United_Rentals.svg
440,441,HRG Group,www.hrggroup.com,https://en.wikipedia.org/wiki/File:GHD_Group_logo.svg,//upload.wikimedia.org/wikipedia/en/e/e8/GHD_Group_logo.svg,logos/HRG_Group/HRG_Group.svg
441,442,Old Republic International,www.oldrepublic.com,https://en.wikipedia.org/wiki/File:Fein_(company)_logo.svg,//upload.wikimedia.org/wikipedia/en/5/59/Fein_%28company%29_logo.svg,logos/Old_Republic_International/Old_Republic_International.svg
442,443,Windstream Holdings,www.windstream.com,https://en.wikipedia.org/wiki/File:Neopost_logo.svg,//upload.wikimedia.org/wikipedia/en/b/b2/Neopost_logo.svg,logos/Windstream_Holdings/Windstream_Holdings.svg
443,444,Starwood Hotels & Resorts,www.starwoodhotels.com,https://commons.wikimedia.org/wiki/File:Starwood_Hotels_and_Resorts_logo.svg,https://upload.wikimedia.org/wikipedia/commons/c/c2/Starwood_Hotels_and_Resorts_logo.svg,logos/Starwood_Hotels_Resorts/Starwood_Hotels_Resorts.svg
444,445,Delek US Holdings,www.delekus.com,https://en.wikipedia.org/wiki/File:Fein_(company)_logo.svg,//upload.wikimedia.org/wikipedia/en/5/59/Fein_%28company%29_logo.svg,logos/Delek_US_Holdings/Delek_US_Holdings.svg
445,446,Packaging Corp. of America,www.packagingcorp.com,https://en.wikipedia.org/wiki/File:American_Home_Shield_logo.svg,//upload.wikimedia.org/wikipedia/en/0/01/American_Home_Shield_logo.svg,logos/Packaging_Corp_of_America/Packaging_Corp_of_America.svg
446,447,Quintiles Transnational Holdings,www.quintiles.com,https://en.wikipedia.org/wiki/File:Ethereum_Classic_logo.svg,//upload.wikimedia.org/wikipedia/en/7/76/Ethereum_Classic_logo.svg,logos/Quintiles_Transnational_Holdings/Quintiles_Transnational_Holdings.svg
447,448,Hanesbrands,www.hanes.com,https://en.wikipedia.org/wiki/File:Dell_Logo.svg,//upload.wikimedia.org/wikipedia/commons/4/48/Dell_Logo.svg,logos/Hanesbrands/Hanesbrands.svg
448,449,Realogy Holdings,www.realogy.com,https://en.wikipedia.org/wiki/File:Sears_Holdings_logo.svg,//upload.wikimedia.org/wikipedia/en/0/03/Sears_Holdings_logo.svg,logos/Realogy_Holdings/Realogy_Holdings.svg
449,450,Mattel,www.mattel.com,https://en.wikipedia.org/wiki/File:Fein_(company)_logo.svg,//upload.wikimedia.org/wikipedia/en/5/59/Fein_%28company%29_logo.svg,logos/Mattel/Mattel.svg
450,451,Motorola Solutions,www.motorolasolutions.com,https://commons.wikimedia.org/wiki/File:Motorola_Solutions_Logo.svg,https://upload.wikimedia.org/wikipedia/commons/a/a5/Motorola_Solutions_Logo.svg,logos/Motorola_Solutions/Motorola_Solutions.svg
451,452,J.M. Smucker,www.jmsmucker.com,https://commons.wikimedia.org/wiki/File:Smuckers_logo.svg,https://upload.wikimedia.org/wikipedia/commons/b/b1/Smuckers_logo.svg,logos/J_M_Smucker/J_M_Smucker.svg
452,453,Regions Financial,www.regions.com,https://commons.wikimedia.org/wiki/File:Regions_Financial_Corp_logo.svg,https://upload.wikimedia.org/wikipedia/commons/9/93/Regions_Financial_Corp_logo.svg,logos/Regions_Financial/Regions_Financial.svg
453,453,Celanese,www.celanese.com,https://en.wikipedia.org/wiki/File:Dell_Logo.svg,//upload.wikimedia.org/wikipedia/commons/4/48/Dell_Logo.svg,logos/Celanese/Celanese.svg
454,455,Clorox,www.thecloroxcompany.com,https://en.wikipedia.org/wiki/File:Dell_Logo.svg,//upload.wikimedia.org/wikipedia/commons/4/48/Dell_Logo.svg,logos/Clorox/Clorox.svg
455,456,Ingredion,www.ingredion.com,https://en.wikipedia.org/wiki/File:SBS_Radio_logo.svg,//upload.wikimedia.org/wikipedia/en/e/e2/SBS_Radio_logo.svg,logos/Ingredion/Ingredion.svg
456,457,Genesis Healthcare,www.genesishcc.com,https://en.wikipedia.org/wiki/File:Fein_(company)_logo.svg,//upload.wikimedia.org/wikipedia/en/5/59/Fein_%28company%29_logo.svg,logos/Genesis_Healthcare/Genesis_Healthcare.svg
457,458,Peabody Energy,www.peabodyenergy.com,https://commons.wikimedia.org/wiki/File:Peabody_Energy_Logo.svg,https://upload.wikimedia.org/wikipedia/commons/c/cb/Peabody_Energy_Logo.svg,logos/Peabody_Energy/Peabody_Energy.svg
458,459,Alaska Air Group,www.alaskaair.com,https://en.wikipedia.org/wiki/File:Alaska_Air_Group_logo.svg,//upload.wikimedia.org/wikipedia/en/a/ad/Alaska_Air_Group_logo.svg,logos/Alaska_Air_Group/Alaska_Air_Group.svg
459,460,Seaboard,www.seaboardcorp.com,https://en.wikipedia.org/wiki/File:Dell_Logo.svg,//upload.wikimedia.org/wikipedia/commons/4/48/Dell_Logo.svg,logos/Seaboard/Seaboard.svg
460,461,Frontier Communications,www.frontier.com,https://en.wikipedia.org/wiki/File:Nuance_Communications_logo.svg,//upload.wikimedia.org/wikipedia/en/a/a8/Nuance_Communications_logo.svg,logos/Frontier_Communications/Frontier_Communications.svg
461,462,Amphenol,www.amphenol.com,https://commons.wikimedia.org/wiki/File:Amphenol_Logo.svg,https://upload.wikimedia.org/wikipedia/commons/1/18/Amphenol_Logo.svg,logos/Amphenol/Amphenol.svg
462,463,Lansing Trade Group,www.lansingtradegroup.com,https://en.wikipedia.org/wiki/File:Fein_(company)_logo.svg,//upload.wikimedia.org/wikipedia/en/5/59/Fein_%28company%29_logo.svg,logos/Lansing_Trade_Group/Lansing_Trade_Group.svg
463,464,SanDisk,www.sandisk.com,https://en.m.wikipedia.org/wiki/File:Moto_G6_Logo.svg,//upload.wikimedia.org/wikipedia/commons/c/c5/Moto_G6_Logo.svg,logos/SanDisk/SanDisk.svg
464,465,St. Jude Medical,www.sjm.com,https://en.wikipedia.org/wiki/File:St._Jude_Medical_logo.svg,//upload.wikimedia.org/wikipedia/en/4/46/St._Jude_Medical_logo.svg,logos/St_Jude_Medical/St_Jude_Medical.svg
465,466,Wyndham Worldwide,www.wyndhamworldwide.com,https://en.wikipedia.org/wiki/File:Wyndham_Worldwide_logo.svg,//upload.wikimedia.org/wikipedia/en/c/c6/Wyndham_Worldwide_logo.svg,logos/Wyndham_Worldwide/Wyndham_Worldwide.svg
466,467,Kelly Services,www.kellyservices.com,https://en.m.wikipedia.org/wiki/File:Wikimedia_Cloud_Services_logo.svg,//upload.wikimedia.org/wikipedia/commons/3/3d/Wikimedia_Cloud_Services_logo.svg,logos/Kelly_Services/Kelly_Services.svg
467,468,Western Union,www.westernunion.com,https://commons.wikimedia.org/wiki/File:Western_Union_logo.svg,https://upload.wikimedia.org/wikipedia/commons/b/bf/Western_Union_logo.svg,logos/Western_Union/Western_Union.svg
468,469	Envision Healthcare Holdings,www.evhc.net,,Missing,Missing,Fail
469,470,Visteon,www.visteon.com,https://en.wikipedia.org/wiki/File:Fein_(company)_logo.svg,//upload.wikimedia.org/wikipedia/en/5/59/Fein_%28company%29_logo.svg,logos/Visteon/Visteon.svg
470,471,Arthur J. Gallagher,www.ajg.com,Missing,Missing,Fail
471,472,Host Hotels & Resorts,www.hosthotels.com,https://commons.wikimedia.org/wiki/File:Delta_Hotels_logo.svg,https://upload.wikimedia.org/wikipedia/commons/7/72/Delta_Hotels_logo.svg,logos/Host_Hotels_Resorts/Host_Hotels_Resorts.svg
472,472,Ashland,www.ashland.com,https://commons.wikimedia.org/wiki/File:Ashland_(Unternehmen)_logo.svg,https://upload.wikimedia.org/wikipedia/commons/b/b4/Ashland_%28Unternehmen%29_logo.svg,logos/Ashland/Ashland.svg
473,474,Insight Enterprises,www.insight.com,https://en.wikipedia.org/wiki/File:Fein_(company)_logo.svg,//upload.wikimedia.org/wikipedia/en/5/59/Fein_%28company%29_logo.svg,logos/Insight_Enterprises/Insight_Enterprises.svg
474,475,Energy Future Holdings,www.energyfutureholdings.com,https://en.wikipedia.org/wiki/File:Sears_Holdings_logo.svg,//upload.wikimedia.org/wikipedia/en/0/03/Sears_Holdings_logo.svg,logos/Energy_Future_Holdings/Energy_Future_Holdings.svg
475,476,Markel,www.markelcorp.com,https://en.wikipedia.org/wiki/File:Dell_Logo.svg,//upload.wikimedia.org/wikipedia/commons/4/48/Dell_Logo.svg,logos/Markel/Markel.svg
476,477,Essendant,www.essendant.com,https://en.wikipedia.org/wiki/File:Dell_Logo.svg,//upload.wikimedia.org/wikipedia/commons/4/48/Dell_Logo.svg,logos/Essendant/Essendant.svg
477,478,CH2M Hill,www.ch2m.com,https://en.wikipedia.org/wiki/File:Fein_(company)_logo.svg,//upload.wikimedia.org/wikipedia/en/5/59/Fein_%28company%29_logo.svg,logos/CH_M_Hill/CH_M_Hill.svg
478,479,Western & Southern Financial Group,www.westernsouthern.com,Missing,Missing,Fail
479,480,Owens Corning,www.owenscorning.com,https://en.wikipedia.org/wiki/File:Zcash_logo.svg,//upload.wikimedia.org/wikipedia/en/8/85/Zcash_logo.svg,logos/Owens_Corning/Owens_Corning.svg
480,481,S&P Global,www.spglobal.com,https://en.wikipedia.org/wiki/File:Dell_Logo.svg,//upload.wikimedia.org/wikipedia/commons/4/48/Dell_Logo.svg,logos/S_P_Global/S_P_Global.svg
481,482,Raymond James Financial,www.raymondjames.com,Missing,Missing,Fail
482,483,NiSource,www.nisource.com,https://en.wikipedia.org/wiki/File:Dell_Logo.svg,//upload.wikimedia.org/wikipedia/commons/4/48/Dell_Logo.svg,logos/NiSource/NiSource.svg
483,484,Airgas,www.airgas.com,https://en.wikipedia.org/wiki/File:Zcash_logo.svg,//upload.wikimedia.org/wikipedia/en/8/85/Zcash_logo.svg,logos/Airgas/Airgas.svg
484,485,ABM Industries,www.abm.com,https://commons.wikimedia.org/wiki/File:ABM_Industries_logo.svg,https://upload.wikimedia.org/wikipedia/commons/a/a5/ABM_Industries_logo.svg,logos/ABM_Industries/ABM_Industries.svg
485,486,Citizens Financial Group,www.citizensbank.com,https://en.wikipedia.org/wiki/File:G%26F_Financial_Group_logo.svg,//upload.wikimedia.org/wikipedia/en/d/d7/G%26F_Financial_Group_logo.svg,logos/Citizens_Financial_Group/Citizens_Financial_Group.svg
486,487,Booz Allen Hamilton Holding,www.boozallen.com,https://commons.wikimedia.org/wiki/File:Booz_Allen_Hamilton_logo.svg,https://upload.wikimedia.org/wikipedia/commons/8/83/Booz_Allen_Hamilton_logo.svg,logos/Booz_Allen_Hamilton_Holding/Booz_Allen_Hamilton_Holding.svg
487,488,Simon Property Group,www.simon.com,https://en.wikipedia.org/wiki/File:Simon_Property_Group_logo.svg,//upload.wikimedia.org/wikipedia/commons/0/0a/Simon_Property_Group_logo.svg,logos/Simon_Property_Group/Simon_Property_Group.svg
488,489,Domtar,www.domtar.com,https://en.wikipedia.org/wiki/File:Dell_Logo.svg,//upload.wikimedia.org/wikipedia/commons/4/48/Dell_Logo.svg,logos/Domtar/Domtar.svg
489,490,Rockwell Collins,www.rockwellcollins.com,https://commons.wikimedia.org/wiki/File:Rockwell_Collins_logo.svg,https://upload.wikimedia.org/wikipedia/commons/3/39/Rockwell_Collins_logo.svg,logos/Rockwell_Collins/Rockwell_Collins.svg
490,491,Lam Research,www.lamresearch.com,https://en.wikipedia.org/wiki/File:Zcash_logo.svg,//upload.wikimedia.org/wikipedia/en/8/85/Zcash_logo.svg,logos/Lam_Research/Lam_Research.svg
491,492,Fiserv,www.fiserv.com,https://commons.wikimedia.org/wiki/File:Fiserv_logo.svg,https://upload.wikimedia.org/wikipedia/commons/8/89/Fiserv_logo.svg,logos/Fiserv/Fiserv.svg
492,493,Spectra Energy,www.spectraenergy.com,https://en.wikipedia.org/wiki/File:Duke_Energy_logo.svg,//upload.wikimedia.org/wikipedia/en/2/2e/Duke_Energy_logo.svg,logos/Spectra_Energy/Spectra_Energy.svg
493,494,Navient,www.navient.com,https://en.wikipedia.org/wiki/File:Fein_(company)_logo.svg,//upload.wikimedia.org/wikipedia/en/5/59/Fein_%28company%29_logo.svg,logos/Navient/Navient.svg
494,495,Big Lots,www.biglots.com,http://logos.wikia.com/wiki/File:Big_lots_logo.svg,Missing,Fail
495,496,Telephone & Data Systems,www.tdsinc.com,https://commons.wikimedia.org/wiki/File:Electronic_Data_Systems_logo.svg,https://upload.wikimedia.org/wikipedia/commons/e/e1/Electronic_Data_Systems_logo.svg,logos/Telephone_Data_Systems/Telephone_Data_Systems.svg
496,497,First American Financial,www.firstam.com,https://en.wikipedia.org/wiki/File:LPL_Financial_logo.svg,//upload.wikimedia.org/wikipedia/en/2/26/LPL_Financial_logo.svg,logos/First_American_Financial/First_American_Financial.svg
497,498,NVR,www.nvrinc.com,https://commons.wikimedia.org/wiki/File:YouTube_Logo.svg,https://upload.wikimedia.org/wikipedia/commons/9/98/YouTube_Logo.svg,logos/NVR/NVR.svg
498,499,Cincinnati Financial,www.cinfin.com,https://en.wikipedia.org/wiki/File:University_of_Cincinnati_logo.svg,//upload.wikimedia.org/wikipedia/en/5/59/University_of_Cincinnati_logo.svg,logos/Cincinnati_Financial/Cincinnati_Financial.svg
499,500,Burlington Stores,www.burlingtonstores.com,https://en.wikipedia.org/wiki/File:Burlington_Coat_Factory_Logo.svg,//upload.wikimedia.org/wikipedia/commons/4/4b/Burlington_Coat_Factory_Logo.svg,logos/Burlington_Stores/Burlington_Stores.svg
